id,placement_area,advertisement_type,duration_unit,is_quitable,unit_price,is_active,description,created_at,updated_at,_export_metadata
"cb4e7fb7-e876-4c6b-91ed-17df4105abcf","top_banner_highest_visibility","video","hour","true","1000.00","true","",""2025-12-26T10:20:40.255Z"",""2025-12-26T10:20:40.255Z"","{"exported_at":"2026-01-23T19:15:20.046Z","export_job_id":"export_1769195719341_vlvm4mfby","data_type":"advertisement_pricing_configs","time_range":"30d"}"
"da75a354-3cf0-40c2-a972-d43c1529d562","top_banner_highest_visibility","video","hour","false","60.00","true","top banner highest visibility - video - hour - Non-Quitable",""2025-12-26T10:22:25.431Z"",""2025-12-26T10:22:25.431Z"","{"exported_at":"2026-01-23T19:15:20.046Z","export_job_id":"export_1769195719341_vlvm4mfby","data_type":"advertisement_pricing_configs","time_range":"30d"}"
"b5c60729-04b1-4d13-817d-2a2a148283ee","top_banner_highest_visibility","video","day","true","1000.00","true","top banner highest visibility - video - day - Quitable",""2025-12-26T10:22:25.431Z"",""2025-12-26T10:22:25.431Z"","{"exported_at":"2026-01-23T19:15:20.046Z","export_job_id":"export_1769195719341_vlvm4mfby","data_type":"advertisement_pricing_configs","time_range":"30d"}"
"6d1c61a7-6d56-4ae5-9f24-e3b24138fd5a","top_banner_highest_visibility","video","day","false","1200.00","true","top banner highest visibility - video - day - Non-Quitable",""2025-12-26T10:22:25.431Z"",""2025-12-26T10:22:25.431Z"","{"exported_at":"2026-01-23T19:15:20.046Z","export_job_id":"export_1769195719341_vlvm4mfby","data_type":"advertisement_pricing_configs","time_range":"30d"}"
"840a4c06-925c-4f62-b1f8-d3ee9ebba1f8","top_banner_highest_visibility","video","week","true","6000.00","true","top banner highest visibility - video - week - Quitable",""2025-12-26T10:22:25.431Z"",""2025-12-26T10:22:25.431Z"","{"exported_at":"2026-01-23T19:15:20.046Z","export_job_id":"export_1769195719341_vlvm4mfby","data_type":"advertisement_pricing_configs","time_range":"30d"}"
"c8c6e7d3-1e96-4cd5-882b-78542b375991","top_banner_highest_visibility","video","week","false","7200.00","true","top banner highest visibility - video - week - Non-Quitable",""2025-12-26T10:22:25.431Z"",""2025-12-26T10:22:25.431Z"","{"exported_at":"2026-01-23T19:15:20.046Z","export_job_id":"export_1769195719341_vlvm4mfby","data_type":"advertisement_pricing_configs","time_range":"30d"}"
"bf39d888-a425-40c8-a129-2690d62589fd","top_banner_highest_visibility","video","month","true","20000.00","true","top banner highest visibility - video - month - Quitable",""2025-12-26T10:22:25.431Z"",""2025-12-26T10:22:25.431Z"","{"exported_at":"2026-01-23T19:15:20.046Z","export_job_id":"export_1769195719341_vlvm4mfby","data_type":"advertisement_pricing_configs","time_range":"30d"}"
"8f2332d8-7b09-4402-bfb7-7d09c299cc3a","top_banner_highest_visibility","video","month","false","24000.00","true","top banner highest visibility - video - month - Non-Quitable",""2025-12-26T10:22:25.431Z"",""2025-12-26T10:22:25.431Z"","{"exported_at":"2026-01-23T19:15:20.046Z","export_job_id":"export_1769195719341_vlvm4mfby","data_type":"advertisement_pricing_configs","time_range":"30d"}"
"77f0acd0-bba2-4e07-8416-63d558e76f18","top_banner_highest_visibility","image","hour","true","35.00","true","top banner highest visibility - image - hour - Quitable",""2025-12-26T10:22:25.431Z"",""2025-12-26T10:22:25.431Z"","{"exported_at":"2026-01-23T19:15:20.046Z","export_job_id":"export_1769195719341_vlvm4mfby","data_type":"advertisement_pricing_configs","time_range":"30d"}"
"8c4e9f1d-6c4d-40b2-ba52-9abe3cafea7f","top_banner_highest_visibility","image","hour","false","42.00","true","top banner highest visibility - image - hour - Non-Quitable",""2025-12-26T10:22:25.431Z"",""2025-12-26T10:22:25.431Z"","{"exported_at":"2026-01-23T19:15:20.046Z","export_job_id":"export_1769195719341_vlvm4mfby","data_type":"advertisement_pricing_configs","time_range":"30d"}"
"38b3c259-747c-453b-82a3-c1daa6af47ab","top_banner_highest_visibility","image","day","true","700.00","true","top banner highest visibility - image - day - Quitable",""2025-12-26T10:22:25.431Z"",""2025-12-26T10:22:25.431Z"","{"exported_at":"2026-01-23T19:15:20.046Z","export_job_id":"export_1769195719341_vlvm4mfby","data_type":"advertisement_pricing_configs","time_range":"30d"}"
"292c8ada-8698-49c0-aa15-2670bb062ba9","top_banner_highest_visibility","image","day","false","840.00","true","top banner highest visibility - image - day - Non-Quitable",""2025-12-26T10:22:25.431Z"",""2025-12-26T10:22:25.431Z"","{"exported_at":"2026-01-23T19:15:20.046Z","export_job_id":"export_1769195719341_vlvm4mfby","data_type":"advertisement_pricing_configs","time_range":"30d"}"
"56f73815-7e98-496d-8c4b-64bffa093d0c","top_banner_highest_visibility","image","week","true","4200.00","true","top banner highest visibility - image - week - Quitable",""2025-12-26T10:22:25.431Z"",""2025-12-26T10:22:25.431Z"","{"exported_at":"2026-01-23T19:15:20.046Z","export_job_id":"export_1769195719341_vlvm4mfby","data_type":"advertisement_pricing_configs","time_range":"30d"}"
"5abb8d83-2774-433b-a418-6fece0ba3b8c","top_banner_highest_visibility","image","week","false","5040.00","true","top banner highest visibility - image - week - Non-Quitable",""2025-12-26T10:22:25.431Z"",""2025-12-26T10:22:25.431Z"","{"exported_at":"2026-01-23T19:15:20.046Z","export_job_id":"export_1769195719341_vlvm4mfby","data_type":"advertisement_pricing_configs","time_range":"30d"}"
"adeb697e-a977-4f6b-bf29-177d23a387b1","top_banner_highest_visibility","image","month","true","14000.00","true","top banner highest visibility - image - month - Quitable",""2025-12-26T10:22:25.431Z"",""2025-12-26T10:22:25.431Z"","{"exported_at":"2026-01-23T19:15:20.046Z","export_job_id":"export_1769195719341_vlvm4mfby","data_type":"advertisement_pricing_configs","time_range":"30d"}"
"d49c04a7-9554-4159-acdb-446afdd40843","top_banner_highest_visibility","image","month","false","16800.00","true","top banner highest visibility - image - month - Non-Quitable",""2025-12-26T10:22:25.431Z"",""2025-12-26T10:22:25.431Z"","{"exported_at":"2026-01-23T19:15:20.046Z","export_job_id":"export_1769195719341_vlvm4mfby","data_type":"advertisement_pricing_configs","time_range":"30d"}"
"489344a1-0484-4606-9e3a-520e0941482e","top_banner_highest_visibility","animation","hour","true","43.00","true","top banner highest visibility - animation - hour - Quitable",""2025-12-26T10:22:25.431Z"",""2025-12-26T10:22:25.431Z"","{"exported_at":"2026-01-23T19:15:20.046Z","export_job_id":"export_1769195719341_vlvm4mfby","data_type":"advertisement_pricing_configs","time_range":"30d"}"
"ea41ce75-7da6-490a-ab43-8d8015c8d60d","top_banner_highest_visibility","animation","hour","false","51.00","true","top banner highest visibility - animation - hour - Non-Quitable",""2025-12-26T10:22:25.431Z"",""2025-12-26T10:22:25.431Z"","{"exported_at":"2026-01-23T19:15:20.046Z","export_job_id":"export_1769195719341_vlvm4mfby","data_type":"advertisement_pricing_configs","time_range":"30d"}"
"84115b62-0d19-4a94-950c-e1e9d6972432","top_banner_highest_visibility","animation","day","true","850.00","true","top banner highest visibility - animation - day - Quitable",""2025-12-26T10:22:25.431Z"",""2025-12-26T10:22:25.431Z"","{"exported_at":"2026-01-23T19:15:20.046Z","export_job_id":"export_1769195719341_vlvm4mfby","data_type":"advertisement_pricing_configs","time_range":"30d"}"
"219a050d-65e4-459a-83f0-47a8efeb86ff","top_banner_highest_visibility","animation","day","false","1020.00","true","top banner highest visibility - animation - day - Non-Quitable",""2025-12-26T10:22:25.431Z"",""2025-12-26T10:22:25.431Z"","{"exported_at":"2026-01-23T19:15:20.046Z","export_job_id":"export_1769195719341_vlvm4mfby","data_type":"advertisement_pricing_configs","time_range":"30d"}"
"a11aa79e-b256-46b2-be8d-95174d3d7247","top_banner_highest_visibility","animation","week","true","5100.00","true","top banner highest visibility - animation - week - Quitable",""2025-12-26T10:22:25.431Z"",""2025-12-26T10:22:25.431Z"","{"exported_at":"2026-01-23T19:15:20.046Z","export_job_id":"export_1769195719341_vlvm4mfby","data_type":"advertisement_pricing_configs","time_range":"30d"}"
"ebbcc262-705f-4c9d-af21-92816527545c","top_banner_highest_visibility","animation","week","false","6120.00","true","top banner highest visibility - animation - week - Non-Quitable",""2025-12-26T10:22:25.431Z"",""2025-12-26T10:22:25.431Z"","{"exported_at":"2026-01-23T19:15:20.046Z","export_job_id":"export_1769195719341_vlvm4mfby","data_type":"advertisement_pricing_configs","time_range":"30d"}"
"2551882d-055f-4eb7-a9c1-961c7b1c9d93","top_banner_highest_visibility","animation","month","true","17000.00","true","top banner highest visibility - animation - month - Quitable",""2025-12-26T10:22:25.431Z"",""2025-12-26T10:22:25.431Z"","{"exported_at":"2026-01-23T19:15:20.046Z","export_job_id":"export_1769195719341_vlvm4mfby","data_type":"advertisement_pricing_configs","time_range":"30d"}"
"98f8b020-86e1-4806-bd54-3af774fcf348","top_banner_highest_visibility","animation","month","false","20400.00","true","top banner highest visibility - animation - month - Non-Quitable",""2025-12-26T10:22:25.431Z"",""2025-12-26T10:22:25.431Z"","{"exported_at":"2026-01-23T19:15:20.046Z","export_job_id":"export_1769195719341_vlvm4mfby","data_type":"advertisement_pricing_configs","time_range":"30d"}"
"587b17a6-fb5e-4c9d-97db-13fe6a8f9df1","top_banner_highest_visibility","general","hour","true","30.00","true","top banner highest visibility - general - hour - Quitable",""2025-12-26T10:22:25.431Z"",""2025-12-26T10:22:25.431Z"","{"exported_at":"2026-01-23T19:15:20.046Z","export_job_id":"export_1769195719341_vlvm4mfby","data_type":"advertisement_pricing_configs","time_range":"30d"}"
"8b82bb38-83b1-4229-9761-f2350a84c10d","top_banner_highest_visibility","general","hour","false","36.00","true","top banner highest visibility - general - hour - Non-Quitable",""2025-12-26T10:22:25.431Z"",""2025-12-26T10:22:25.431Z"","{"exported_at":"2026-01-23T19:15:20.046Z","export_job_id":"export_1769195719341_vlvm4mfby","data_type":"advertisement_pricing_configs","time_range":"30d"}"
"b98dbf4b-0de2-4dde-b505-3cbd3f6f82fe","top_banner_highest_visibility","general","day","true","600.00","true","top banner highest visibility - general - day - Quitable",""2025-12-26T10:22:25.431Z"",""2025-12-26T10:22:25.431Z"","{"exported_at":"2026-01-23T19:15:20.046Z","export_job_id":"export_1769195719341_vlvm4mfby","data_type":"advertisement_pricing_configs","time_range":"30d"}"
"46f3c33d-04e1-4f55-8d82-fab4f0a65267","top_banner_highest_visibility","general","day","false","720.00","true","top banner highest visibility - general - day - Non-Quitable",""2025-12-26T10:22:25.431Z"",""2025-12-26T10:22:25.431Z"","{"exported_at":"2026-01-23T19:15:20.046Z","export_job_id":"export_1769195719341_vlvm4mfby","data_type":"advertisement_pricing_configs","time_range":"30d"}"
"b640aa6f-993a-4601-88de-9449c245a514","top_banner_highest_visibility","general","week","true","3600.00","true","top banner highest visibility - general - week - Quitable",""2025-12-26T10:22:25.431Z"",""2025-12-26T10:22:25.431Z"","{"exported_at":"2026-01-23T19:15:20.046Z","export_job_id":"export_1769195719341_vlvm4mfby","data_type":"advertisement_pricing_configs","time_range":"30d"}"
"398e4e0e-7428-435d-b5f6-f73558218f78","top_banner_highest_visibility","general","week","false","4320.00","true","top banner highest visibility - general - week - Non-Quitable",""2025-12-26T10:22:25.431Z"",""2025-12-26T10:22:25.431Z"","{"exported_at":"2026-01-23T19:15:20.046Z","export_job_id":"export_1769195719341_vlvm4mfby","data_type":"advertisement_pricing_configs","time_range":"30d"}"
"05fb7c8a-d141-464d-9519-35a20107d4f2","top_banner_highest_visibility","general","month","true","12000.00","true","top banner highest visibility - general - month - Quitable",""2025-12-26T10:22:25.431Z"",""2025-12-26T10:22:25.431Z"","{"exported_at":"2026-01-23T19:15:20.046Z","export_job_id":"export_1769195719341_vlvm4mfby","data_type":"advertisement_pricing_configs","time_range":"30d"}"
"2bee5424-7f68-464c-8938-e27f8cfd19a4","top_banner_highest_visibility","general","month","false","14400.00","true","top banner highest visibility - general - month - Non-Quitable",""2025-12-26T10:22:25.431Z"",""2025-12-26T10:22:25.431Z"","{"exported_at":"2026-01-23T19:15:20.046Z","export_job_id":"export_1769195719341_vlvm4mfby","data_type":"advertisement_pricing_configs","time_range":"30d"}"
"a63dd553-c7af-4dc1-bb7a-59d3beb14f83","top_banner_highest_visibility","comprehensive","hour","true","65.00","true","top banner highest visibility - comprehensive - hour - Quitable",""2025-12-26T10:22:25.431Z"",""2025-12-26T10:22:25.431Z"","{"exported_at":"2026-01-23T19:15:20.046Z","export_job_id":"export_1769195719341_vlvm4mfby","data_type":"advertisement_pricing_configs","time_range":"30d"}"
"8ca57a68-940a-4b43-9595-9b6c878d18f0","top_banner_highest_visibility","comprehensive","hour","false","78.00","true","top banner highest visibility - comprehensive - hour - Non-Quitable",""2025-12-26T10:22:25.431Z"",""2025-12-26T10:22:25.431Z"","{"exported_at":"2026-01-23T19:15:20.046Z","export_job_id":"export_1769195719341_vlvm4mfby","data_type":"advertisement_pricing_configs","time_range":"30d"}"
"dbcf3c49-da3d-4b29-8f3e-8d3b6f65d6d1","top_banner_highest_visibility","comprehensive","day","true","1300.00","true","top banner highest visibility - comprehensive - day - Quitable",""2025-12-26T10:22:25.431Z"",""2025-12-26T10:22:25.431Z"","{"exported_at":"2026-01-23T19:15:20.046Z","export_job_id":"export_1769195719341_vlvm4mfby","data_type":"advertisement_pricing_configs","time_range":"30d"}"
"1de7cddd-3e24-4c47-8a58-35ecedacdb35","top_banner_highest_visibility","comprehensive","day","false","1560.00","true","top banner highest visibility - comprehensive - day - Non-Quitable",""2025-12-26T10:22:25.431Z"",""2025-12-26T10:22:25.431Z"","{"exported_at":"2026-01-23T19:15:20.046Z","export_job_id":"export_1769195719341_vlvm4mfby","data_type":"advertisement_pricing_configs","time_range":"30d"}"
"44f66ee4-29d2-4576-92cc-70a4e03e1bf6","top_banner_highest_visibility","comprehensive","week","true","7800.00","true","top banner highest visibility - comprehensive - week - Quitable",""2025-12-26T10:22:25.431Z"",""2025-12-26T10:22:25.431Z"","{"exported_at":"2026-01-23T19:15:20.046Z","export_job_id":"export_1769195719341_vlvm4mfby","data_type":"advertisement_pricing_configs","time_range":"30d"}"
"24e8308f-a080-422d-bf0a-58b4a7c83632","top_banner_highest_visibility","comprehensive","week","false","9360.00","true","top banner highest visibility - comprehensive - week - Non-Quitable",""2025-12-26T10:22:25.431Z"",""2025-12-26T10:22:25.431Z"","{"exported_at":"2026-01-23T19:15:20.046Z","export_job_id":"export_1769195719341_vlvm4mfby","data_type":"advertisement_pricing_configs","time_range":"30d"}"
"b3d12e53-8d41-4b94-94b4-99a62ab25675","top_banner_highest_visibility","comprehensive","month","true","26000.00","true","top banner highest visibility - comprehensive - month - Quitable",""2025-12-26T10:22:25.431Z"",""2025-12-26T10:22:25.431Z"","{"exported_at":"2026-01-23T19:15:20.046Z","export_job_id":"export_1769195719341_vlvm4mfby","data_type":"advertisement_pricing_configs","time_range":"30d"}"
"59de3b18-ca06-4609-9818-140d27752842","top_banner_highest_visibility","comprehensive","month","false","31200.00","true","top banner highest visibility - comprehensive - month - Non-Quitable",""2025-12-26T10:22:25.431Z"",""2025-12-26T10:22:25.431Z"","{"exported_at":"2026-01-23T19:15:20.046Z","export_job_id":"export_1769195719341_vlvm4mfby","data_type":"advertisement_pricing_configs","time_range":"30d"}"
"70c6085c-0269-4c1d-baaa-dbf6a0c31332","top_banner_highest_visibility","covering","hour","true","75.00","true","top banner highest visibility - covering - hour - Quitable",""2025-12-26T10:22:25.431Z"",""2025-12-26T10:22:25.431Z"","{"exported_at":"2026-01-23T19:15:20.046Z","export_job_id":"export_1769195719341_vlvm4mfby","data_type":"advertisement_pricing_configs","time_range":"30d"}"
"32ae56af-98aa-45e2-8773-f256cbe51395","top_banner_highest_visibility","covering","hour","false","90.00","true","top banner highest visibility - covering - hour - Non-Quitable",""2025-12-26T10:22:25.431Z"",""2025-12-26T10:22:25.431Z"","{"exported_at":"2026-01-23T19:15:20.046Z","export_job_id":"export_1769195719341_vlvm4mfby","data_type":"advertisement_pricing_configs","time_range":"30d"}"
"f3ae2638-589e-40b7-ac14-3882c053a1d3","top_banner_highest_visibility","covering","day","true","1500.00","true","top banner highest visibility - covering - day - Quitable",""2025-12-26T10:22:25.431Z"",""2025-12-26T10:22:25.431Z"","{"exported_at":"2026-01-23T19:15:20.046Z","export_job_id":"export_1769195719341_vlvm4mfby","data_type":"advertisement_pricing_configs","time_range":"30d"}"
"62b97020-8282-4b19-b914-8899fc01b927","top_banner_highest_visibility","covering","day","false","1800.00","true","top banner highest visibility - covering - day - Non-Quitable",""2025-12-26T10:22:25.431Z"",""2025-12-26T10:22:25.431Z"","{"exported_at":"2026-01-23T19:15:20.046Z","export_job_id":"export_1769195719341_vlvm4mfby","data_type":"advertisement_pricing_configs","time_range":"30d"}"
"ab835e6b-a785-4431-b752-73cfe90c3cad","top_banner_highest_visibility","covering","week","true","9000.00","true","top banner highest visibility - covering - week - Quitable",""2025-12-26T10:22:25.431Z"",""2025-12-26T10:22:25.431Z"","{"exported_at":"2026-01-23T19:15:20.046Z","export_job_id":"export_1769195719341_vlvm4mfby","data_type":"advertisement_pricing_configs","time_range":"30d"}"
"8d58abb7-4a3d-488a-95f9-40471e1b1180","top_banner_highest_visibility","covering","week","false","10800.00","true","top banner highest visibility - covering - week - Non-Quitable",""2025-12-26T10:22:25.431Z"",""2025-12-26T10:22:25.431Z"","{"exported_at":"2026-01-23T19:15:20.046Z","export_job_id":"export_1769195719341_vlvm4mfby","data_type":"advertisement_pricing_configs","time_range":"30d"}"
"de5e0c19-2957-4a27-a351-c5750bbd028e","top_banner_highest_visibility","covering","month","true","30000.00","true","top banner highest visibility - covering - month - Quitable",""2025-12-26T10:22:25.431Z"",""2025-12-26T10:22:25.431Z"","{"exported_at":"2026-01-23T19:15:20.046Z","export_job_id":"export_1769195719341_vlvm4mfby","data_type":"advertisement_pricing_configs","time_range":"30d"}"
"45cb1d59-724f-4688-847c-e6601788100a","top_banner_highest_visibility","covering","month","false","36000.00","true","top banner highest visibility - covering - month - Non-Quitable",""2025-12-26T10:22:25.431Z"",""2025-12-26T10:22:25.431Z"","{"exported_at":"2026-01-23T19:15:20.046Z","export_job_id":"export_1769195719341_vlvm4mfby","data_type":"advertisement_pricing_configs","time_range":"30d"}"
"dee7a9e0-90e0-49ba-a536-17ddee1797c0","main_blue_area_prime_real_estate","video","hour","true","60.00","true","main blue area prime real estate - video - hour - Quitable",""2025-12-26T10:22:25.431Z"",""2025-12-26T10:22:25.431Z"","{"exported_at":"2026-01-23T19:15:20.046Z","export_job_id":"export_1769195719341_vlvm4mfby","data_type":"advertisement_pricing_configs","time_range":"30d"}"
"3db07294-70ed-4eb4-8ae3-55fef0384ed7","main_blue_area_prime_real_estate","video","hour","false","72.00","true","main blue area prime real estate - video - hour - Non-Quitable",""2025-12-26T10:22:25.431Z"",""2025-12-26T10:22:25.431Z"","{"exported_at":"2026-01-23T19:15:20.046Z","export_job_id":"export_1769195719341_vlvm4mfby","data_type":"advertisement_pricing_configs","time_range":"30d"}"
"33290dbf-4c24-4535-bfc1-1b936debbddc","main_blue_area_prime_real_estate","video","day","true","1200.00","true","main blue area prime real estate - video - day - Quitable",""2025-12-26T10:22:25.431Z"",""2025-12-26T10:22:25.431Z"","{"exported_at":"2026-01-23T19:15:20.046Z","export_job_id":"export_1769195719341_vlvm4mfby","data_type":"advertisement_pricing_configs","time_range":"30d"}"
"e4306adf-971b-4acd-8cc2-79f93aac5fc1","main_blue_area_prime_real_estate","video","day","false","1440.00","true","main blue area prime real estate - video - day - Non-Quitable",""2025-12-26T10:22:25.431Z"",""2025-12-26T10:22:25.431Z"","{"exported_at":"2026-01-23T19:15:20.046Z","export_job_id":"export_1769195719341_vlvm4mfby","data_type":"advertisement_pricing_configs","time_range":"30d"}"
"e79ac8ef-8921-4bf4-b673-1d00952d5fc4","main_blue_area_prime_real_estate","video","week","true","7200.00","true","main blue area prime real estate - video - week - Quitable",""2025-12-26T10:22:25.431Z"",""2025-12-26T10:22:25.431Z"","{"exported_at":"2026-01-23T19:15:20.046Z","export_job_id":"export_1769195719341_vlvm4mfby","data_type":"advertisement_pricing_configs","time_range":"30d"}"
"936e4120-edb2-4374-b493-f58ebbd63872","main_blue_area_prime_real_estate","video","week","false","8640.00","true","main blue area prime real estate - video - week - Non-Quitable",""2025-12-26T10:22:25.431Z"",""2025-12-26T10:22:25.431Z"","{"exported_at":"2026-01-23T19:15:20.046Z","export_job_id":"export_1769195719341_vlvm4mfby","data_type":"advertisement_pricing_configs","time_range":"30d"}"
"65107dc1-498a-425a-b3b9-897f33b8f484","main_blue_area_prime_real_estate","video","month","true","24000.00","true","main blue area prime real estate - video - month - Quitable",""2025-12-26T10:22:25.431Z"",""2025-12-26T10:22:25.431Z"","{"exported_at":"2026-01-23T19:15:20.046Z","export_job_id":"export_1769195719341_vlvm4mfby","data_type":"advertisement_pricing_configs","time_range":"30d"}"
"93907d47-f176-498e-a945-bf6c27d5766b","main_blue_area_prime_real_estate","video","month","false","28800.00","true","main blue area prime real estate - video - month - Non-Quitable",""2025-12-26T10:22:25.431Z"",""2025-12-26T10:22:25.431Z"","{"exported_at":"2026-01-23T19:15:20.046Z","export_job_id":"export_1769195719341_vlvm4mfby","data_type":"advertisement_pricing_configs","time_range":"30d"}"
"ee637baf-f727-4df8-93be-3461fbecdac0","main_blue_area_prime_real_estate","image","hour","true","42.00","true","main blue area prime real estate - image - hour - Quitable",""2025-12-26T10:22:25.431Z"",""2025-12-26T10:22:25.431Z"","{"exported_at":"2026-01-23T19:15:20.046Z","export_job_id":"export_1769195719341_vlvm4mfby","data_type":"advertisement_pricing_configs","time_range":"30d"}"
"873f248a-e6e1-4b92-9962-a5691868f0ed","main_blue_area_prime_real_estate","image","hour","false","50.00","true","main blue area prime real estate - image - hour - Non-Quitable",""2025-12-26T10:22:25.431Z"",""2025-12-26T10:22:25.431Z"","{"exported_at":"2026-01-23T19:15:20.046Z","export_job_id":"export_1769195719341_vlvm4mfby","data_type":"advertisement_pricing_configs","time_range":"30d"}"
"127cb8ef-1922-4d86-a053-4ad22cdf69be","main_blue_area_prime_real_estate","image","day","true","840.00","true","main blue area prime real estate - image - day - Quitable",""2025-12-26T10:22:25.431Z"",""2025-12-26T10:22:25.431Z"","{"exported_at":"2026-01-23T19:15:20.046Z","export_job_id":"export_1769195719341_vlvm4mfby","data_type":"advertisement_pricing_configs","time_range":"30d"}"
"c2626c00-2e30-46a6-b954-650ad6974198","main_blue_area_prime_real_estate","image","day","false","1008.00","true","main blue area prime real estate - image - day - Non-Quitable",""2025-12-26T10:22:25.431Z"",""2025-12-26T10:22:25.431Z"","{"exported_at":"2026-01-23T19:15:20.046Z","export_job_id":"export_1769195719341_vlvm4mfby","data_type":"advertisement_pricing_configs","time_range":"30d"}"
"c126055e-7dbe-4627-97ad-02bbeb95b957","main_blue_area_prime_real_estate","image","week","true","5040.00","true","main blue area prime real estate - image - week - Quitable",""2025-12-26T10:22:25.431Z"",""2025-12-26T10:22:25.431Z"","{"exported_at":"2026-01-23T19:15:20.046Z","export_job_id":"export_1769195719341_vlvm4mfby","data_type":"advertisement_pricing_configs","time_range":"30d"}"
"cf6abe83-8afb-494b-8297-8c2947d76820","main_blue_area_prime_real_estate","image","week","false","6048.00","true","main blue area prime real estate - image - week - Non-Quitable",""2025-12-26T10:22:25.431Z"",""2025-12-26T10:22:25.431Z"","{"exported_at":"2026-01-23T19:15:20.046Z","export_job_id":"export_1769195719341_vlvm4mfby","data_type":"advertisement_pricing_configs","time_range":"30d"}"
"d742743d-5bd2-446a-aebd-93ab0ae062f3","main_blue_area_prime_real_estate","image","month","true","16800.00","true","main blue area prime real estate - image - month - Quitable",""2025-12-26T10:22:25.431Z"",""2025-12-26T10:22:25.431Z"","{"exported_at":"2026-01-23T19:15:20.046Z","export_job_id":"export_1769195719341_vlvm4mfby","data_type":"advertisement_pricing_configs","time_range":"30d"}"
"a507fd5c-20be-4d9a-9648-1e31de384592","main_blue_area_prime_real_estate","image","month","false","20160.00","true","main blue area prime real estate - image - month - Non-Quitable",""2025-12-26T10:22:25.431Z"",""2025-12-26T10:22:25.431Z"","{"exported_at":"2026-01-23T19:15:20.046Z","export_job_id":"export_1769195719341_vlvm4mfby","data_type":"advertisement_pricing_configs","time_range":"30d"}"
"bb2de56c-bf03-42b0-be2e-9a7deca33979","main_blue_area_prime_real_estate","animation","hour","true","51.00","true","main blue area prime real estate - animation - hour - Quitable",""2025-12-26T10:22:25.431Z"",""2025-12-26T10:22:25.431Z"","{"exported_at":"2026-01-23T19:15:20.046Z","export_job_id":"export_1769195719341_vlvm4mfby","data_type":"advertisement_pricing_configs","time_range":"30d"}"
"de6084da-5203-4663-8113-a0b49d2cf59c","main_blue_area_prime_real_estate","animation","hour","false","61.00","true","main blue area prime real estate - animation - hour - Non-Quitable",""2025-12-26T10:22:25.431Z"",""2025-12-26T10:22:25.431Z"","{"exported_at":"2026-01-23T19:15:20.046Z","export_job_id":"export_1769195719341_vlvm4mfby","data_type":"advertisement_pricing_configs","time_range":"30d"}"
"752df43f-d16c-45ba-8c10-011116d262e5","main_blue_area_prime_real_estate","animation","day","true","1020.00","true","main blue area prime real estate - animation - day - Quitable",""2025-12-26T10:22:25.431Z"",""2025-12-26T10:22:25.431Z"","{"exported_at":"2026-01-23T19:15:20.046Z","export_job_id":"export_1769195719341_vlvm4mfby","data_type":"advertisement_pricing_configs","time_range":"30d"}"
"321f8408-a070-4fa1-951f-4371504f9342","main_blue_area_prime_real_estate","animation","day","false","1224.00","true","main blue area prime real estate - animation - day - Non-Quitable",""2025-12-26T10:22:25.431Z"",""2025-12-26T10:22:25.431Z"","{"exported_at":"2026-01-23T19:15:20.046Z","export_job_id":"export_1769195719341_vlvm4mfby","data_type":"advertisement_pricing_configs","time_range":"30d"}"
"7fccd5cd-4bae-4206-9c93-0a7ddde0bf68","main_blue_area_prime_real_estate","animation","week","true","6120.00","true","main blue area prime real estate - animation - week - Quitable",""2025-12-26T10:22:25.431Z"",""2025-12-26T10:22:25.431Z"","{"exported_at":"2026-01-23T19:15:20.046Z","export_job_id":"export_1769195719341_vlvm4mfby","data_type":"advertisement_pricing_configs","time_range":"30d"}"
"f8532e96-39ec-4d2f-b581-c8aa75d3d212","main_blue_area_prime_real_estate","animation","week","false","7344.00","true","main blue area prime real estate - animation - week - Non-Quitable",""2025-12-26T10:22:25.431Z"",""2025-12-26T10:22:25.431Z"","{"exported_at":"2026-01-23T19:15:20.046Z","export_job_id":"export_1769195719341_vlvm4mfby","data_type":"advertisement_pricing_configs","time_range":"30d"}"
"2d23f8e5-2a21-476e-b1ee-f7cccb7d4620","main_blue_area_prime_real_estate","animation","month","true","20400.00","true","main blue area prime real estate - animation - month - Quitable",""2025-12-26T10:22:25.431Z"",""2025-12-26T10:22:25.431Z"","{"exported_at":"2026-01-23T19:15:20.046Z","export_job_id":"export_1769195719341_vlvm4mfby","data_type":"advertisement_pricing_configs","time_range":"30d"}"
"39e62084-1486-4faa-98df-e68ad5061e0b","main_blue_area_prime_real_estate","animation","month","false","24480.00","true","main blue area prime real estate - animation - month - Non-Quitable",""2025-12-26T10:22:25.431Z"",""2025-12-26T10:22:25.431Z"","{"exported_at":"2026-01-23T19:15:20.046Z","export_job_id":"export_1769195719341_vlvm4mfby","data_type":"advertisement_pricing_configs","time_range":"30d"}"
"a416b500-490a-4914-ba24-fe1e05f72034","main_blue_area_prime_real_estate","general","hour","true","36.00","true","main blue area prime real estate - general - hour - Quitable",""2025-12-26T10:22:25.431Z"",""2025-12-26T10:22:25.431Z"","{"exported_at":"2026-01-23T19:15:20.046Z","export_job_id":"export_1769195719341_vlvm4mfby","data_type":"advertisement_pricing_configs","time_range":"30d"}"
"7652a4a9-38d8-48df-b7f3-3d2ef04d2550","main_blue_area_prime_real_estate","general","hour","false","43.00","true","main blue area prime real estate - general - hour - Non-Quitable",""2025-12-26T10:22:25.431Z"",""2025-12-26T10:22:25.431Z"","{"exported_at":"2026-01-23T19:15:20.046Z","export_job_id":"export_1769195719341_vlvm4mfby","data_type":"advertisement_pricing_configs","time_range":"30d"}"
"cef441d5-f475-4b30-a638-92d31072b892","main_blue_area_prime_real_estate","general","day","true","720.00","true","main blue area prime real estate - general - day - Quitable",""2025-12-26T10:22:25.431Z"",""2025-12-26T10:22:25.431Z"","{"exported_at":"2026-01-23T19:15:20.046Z","export_job_id":"export_1769195719341_vlvm4mfby","data_type":"advertisement_pricing_configs","time_range":"30d"}"
"64acf6eb-46af-4531-ad29-23a33fe8b70a","main_blue_area_prime_real_estate","general","day","false","864.00","true","main blue area prime real estate - general - day - Non-Quitable",""2025-12-26T10:22:25.431Z"",""2025-12-26T10:22:25.431Z"","{"exported_at":"2026-01-23T19:15:20.046Z","export_job_id":"export_1769195719341_vlvm4mfby","data_type":"advertisement_pricing_configs","time_range":"30d"}"
"daa99fc1-1ca8-4cb8-8ff7-dcaf4edf05be","main_blue_area_prime_real_estate","general","week","true","4320.00","true","main blue area prime real estate - general - week - Quitable",""2025-12-26T10:22:25.431Z"",""2025-12-26T10:22:25.431Z"","{"exported_at":"2026-01-23T19:15:20.046Z","export_job_id":"export_1769195719341_vlvm4mfby","data_type":"advertisement_pricing_configs","time_range":"30d"}"
"b9853595-b952-437b-8d06-79aae78c5858","main_blue_area_prime_real_estate","general","week","false","5184.00","true","main blue area prime real estate - general - week - Non-Quitable",""2025-12-26T10:22:25.431Z"",""2025-12-26T10:22:25.431Z"","{"exported_at":"2026-01-23T19:15:20.046Z","export_job_id":"export_1769195719341_vlvm4mfby","data_type":"advertisement_pricing_configs","time_range":"30d"}"
"0f6d5e8f-31e9-4b81-a7fe-1f89a7712fd5","main_blue_area_prime_real_estate","general","month","true","14400.00","true","main blue area prime real estate - general - month - Quitable",""2025-12-26T10:22:25.431Z"",""2025-12-26T10:22:25.431Z"","{"exported_at":"2026-01-23T19:15:20.046Z","export_job_id":"export_1769195719341_vlvm4mfby","data_type":"advertisement_pricing_configs","time_range":"30d"}"
"c6a0e9c7-e13d-4423-9c23-79e2d992f42e","main_blue_area_prime_real_estate","general","month","false","17280.00","true","main blue area prime real estate - general - month - Non-Quitable",""2025-12-26T10:22:25.431Z"",""2025-12-26T10:22:25.431Z"","{"exported_at":"2026-01-23T19:15:20.046Z","export_job_id":"export_1769195719341_vlvm4mfby","data_type":"advertisement_pricing_configs","time_range":"30d"}"
"0b57f8a4-bf5e-4ed6-86d3-e0baf486073b","main_blue_area_prime_real_estate","comprehensive","hour","true","78.00","true","main blue area prime real estate - comprehensive - hour - Quitable",""2025-12-26T10:22:25.431Z"",""2025-12-26T10:22:25.431Z"","{"exported_at":"2026-01-23T19:15:20.046Z","export_job_id":"export_1769195719341_vlvm4mfby","data_type":"advertisement_pricing_configs","time_range":"30d"}"
"87924686-6398-49a8-a7e0-e2c6a8bfd6e2","main_blue_area_prime_real_estate","comprehensive","hour","false","94.00","true","main blue area prime real estate - comprehensive - hour - Non-Quitable",""2025-12-26T10:22:25.431Z"",""2025-12-26T10:22:25.431Z"","{"exported_at":"2026-01-23T19:15:20.046Z","export_job_id":"export_1769195719341_vlvm4mfby","data_type":"advertisement_pricing_configs","time_range":"30d"}"
"f23819d8-d021-4668-b72a-e25315c01637","main_blue_area_prime_real_estate","comprehensive","day","true","1560.00","true","main blue area prime real estate - comprehensive - day - Quitable",""2025-12-26T10:22:25.431Z"",""2025-12-26T10:22:25.431Z"","{"exported_at":"2026-01-23T19:15:20.046Z","export_job_id":"export_1769195719341_vlvm4mfby","data_type":"advertisement_pricing_configs","time_range":"30d"}"
"a25b9290-a954-4b0e-a5ca-9596598a5e8c","main_blue_area_prime_real_estate","comprehensive","day","false","1872.00","true","main blue area prime real estate - comprehensive - day - Non-Quitable",""2025-12-26T10:22:25.431Z"",""2025-12-26T10:22:25.431Z"","{"exported_at":"2026-01-23T19:15:20.046Z","export_job_id":"export_1769195719341_vlvm4mfby","data_type":"advertisement_pricing_configs","time_range":"30d"}"
"59b41005-6a93-4bd2-94f2-565af2dbb5ae","main_blue_area_prime_real_estate","comprehensive","week","true","9360.00","true","main blue area prime real estate - comprehensive - week - Quitable",""2025-12-26T10:22:25.431Z"",""2025-12-26T10:22:25.431Z"","{"exported_at":"2026-01-23T19:15:20.046Z","export_job_id":"export_1769195719341_vlvm4mfby","data_type":"advertisement_pricing_configs","time_range":"30d"}"
"86516207-8656-419a-a28f-a1881f247944","main_blue_area_prime_real_estate","comprehensive","week","false","11232.00","true","main blue area prime real estate - comprehensive - week - Non-Quitable",""2025-12-26T10:22:25.431Z"",""2025-12-26T10:22:25.431Z"","{"exported_at":"2026-01-23T19:15:20.046Z","export_job_id":"export_1769195719341_vlvm4mfby","data_type":"advertisement_pricing_configs","time_range":"30d"}"
"c9daea32-b228-4afa-8b09-42b4003a9b82","main_blue_area_prime_real_estate","comprehensive","month","true","31200.00","true","main blue area prime real estate - comprehensive - month - Quitable",""2025-12-26T10:22:25.431Z"",""2025-12-26T10:22:25.431Z"","{"exported_at":"2026-01-23T19:15:20.046Z","export_job_id":"export_1769195719341_vlvm4mfby","data_type":"advertisement_pricing_configs","time_range":"30d"}"
"eeab23cb-205e-44d3-8053-f318abe86167","main_blue_area_prime_real_estate","comprehensive","month","false","37440.00","true","main blue area prime real estate - comprehensive - month - Non-Quitable",""2025-12-26T10:22:25.431Z"",""2025-12-26T10:22:25.431Z"","{"exported_at":"2026-01-23T19:15:20.046Z","export_job_id":"export_1769195719341_vlvm4mfby","data_type":"advertisement_pricing_configs","time_range":"30d"}"
"5483ade3-d209-4537-9edd-d83104e1eec9","main_blue_area_prime_real_estate","covering","hour","true","90.00","true","main blue area prime real estate - covering - hour - Quitable",""2025-12-26T10:22:25.431Z"",""2025-12-26T10:22:25.431Z"","{"exported_at":"2026-01-23T19:15:20.046Z","export_job_id":"export_1769195719341_vlvm4mfby","data_type":"advertisement_pricing_configs","time_range":"30d"}"
"2601629a-e907-44da-91c0-5d6fe527c8f2","main_blue_area_prime_real_estate","covering","hour","false","108.00","true","main blue area prime real estate - covering - hour - Non-Quitable",""2025-12-26T10:22:25.431Z"",""2025-12-26T10:22:25.431Z"","{"exported_at":"2026-01-23T19:15:20.046Z","export_job_id":"export_1769195719341_vlvm4mfby","data_type":"advertisement_pricing_configs","time_range":"30d"}"
"96a54aaf-ff6a-448a-893a-f7b87d2dcac2","main_blue_area_prime_real_estate","covering","day","true","1800.00","true","main blue area prime real estate - covering - day - Quitable",""2025-12-26T10:22:25.431Z"",""2025-12-26T10:22:25.431Z"","{"exported_at":"2026-01-23T19:15:20.046Z","export_job_id":"export_1769195719341_vlvm4mfby","data_type":"advertisement_pricing_configs","time_range":"30d"}"
"b45a379d-a295-408b-bc1b-53e08d6120cd","main_blue_area_prime_real_estate","covering","day","false","2160.00","true","main blue area prime real estate - covering - day - Non-Quitable",""2025-12-26T10:22:25.431Z"",""2025-12-26T10:22:25.431Z"","{"exported_at":"2026-01-23T19:15:20.046Z","export_job_id":"export_1769195719341_vlvm4mfby","data_type":"advertisement_pricing_configs","time_range":"30d"}"
"49cbba64-8021-4b7b-a63e-a50e9e9cb2ea","main_blue_area_prime_real_estate","covering","week","true","10800.00","true","main blue area prime real estate - covering - week - Quitable",""2025-12-26T10:22:25.431Z"",""2025-12-26T10:22:25.431Z"","{"exported_at":"2026-01-23T19:15:20.046Z","export_job_id":"export_1769195719341_vlvm4mfby","data_type":"advertisement_pricing_configs","time_range":"30d"}"
"cce47e92-196c-4962-9b54-d8e599df1509","main_blue_area_prime_real_estate","covering","week","false","12960.00","true","main blue area prime real estate - covering - week - Non-Quitable",""2025-12-26T10:22:25.431Z"",""2025-12-26T10:22:25.431Z"","{"exported_at":"2026-01-23T19:15:20.046Z","export_job_id":"export_1769195719341_vlvm4mfby","data_type":"advertisement_pricing_configs","time_range":"30d"}"
"4077cd39-75a8-46e1-872e-20aafb27ca65","main_blue_area_prime_real_estate","covering","month","true","36000.00","true","main blue area prime real estate - covering - month - Quitable",""2025-12-26T10:22:25.431Z"",""2025-12-26T10:22:25.431Z"","{"exported_at":"2026-01-23T19:15:20.046Z","export_job_id":"export_1769195719341_vlvm4mfby","data_type":"advertisement_pricing_configs","time_range":"30d"}"
"9eed57ec-a92d-40f0-8ed4-f8636e9c90ad","main_blue_area_prime_real_estate","covering","month","false","43200.00","true","main blue area prime real estate - covering - month - Non-Quitable",""2025-12-26T10:22:25.431Z"",""2025-12-26T10:22:25.431Z"","{"exported_at":"2026-01-23T19:15:20.046Z","export_job_id":"export_1769195719341_vlvm4mfby","data_type":"advertisement_pricing_configs","time_range":"30d"}"
"89eed689-1977-4a9c-9419-745948361ee9","main_blue_area_b2b_platform","video","hour","true","57.00","true","main blue area b2b platform - video - hour - Quitable",""2025-12-26T10:22:25.431Z"",""2025-12-26T10:22:25.431Z"","{"exported_at":"2026-01-23T19:15:20.046Z","export_job_id":"export_1769195719341_vlvm4mfby","data_type":"advertisement_pricing_configs","time_range":"30d"}"
"4a1b4acf-af91-439b-ae3f-cd7790210a7c","main_blue_area_b2b_platform","video","hour","false","69.00","true","main blue area b2b platform - video - hour - Non-Quitable",""2025-12-26T10:22:25.431Z"",""2025-12-26T10:22:25.431Z"","{"exported_at":"2026-01-23T19:15:20.046Z","export_job_id":"export_1769195719341_vlvm4mfby","data_type":"advertisement_pricing_configs","time_range":"30d"}"
"f0767066-5040-4b50-8dda-1bdb1f13ba5a","main_blue_area_b2b_platform","video","day","true","1150.00","true","main blue area b2b platform - video - day - Quitable",""2025-12-26T10:22:25.431Z"",""2025-12-26T10:22:25.431Z"","{"exported_at":"2026-01-23T19:15:20.046Z","export_job_id":"export_1769195719341_vlvm4mfby","data_type":"advertisement_pricing_configs","time_range":"30d"}"
"db5f514c-fd11-4adb-924b-7ea76bf3214b","main_blue_area_b2b_platform","video","day","false","1380.00","true","main blue area b2b platform - video - day - Non-Quitable",""2025-12-26T10:22:25.431Z"",""2025-12-26T10:22:25.431Z"","{"exported_at":"2026-01-23T19:15:20.046Z","export_job_id":"export_1769195719341_vlvm4mfby","data_type":"advertisement_pricing_configs","time_range":"30d"}"
"b77c304a-a2cf-4e29-8c0d-e19ab7f4d3f0","main_blue_area_b2b_platform","video","week","true","6900.00","true","main blue area b2b platform - video - week - Quitable",""2025-12-26T10:22:25.431Z"",""2025-12-26T10:22:25.431Z"","{"exported_at":"2026-01-23T19:15:20.046Z","export_job_id":"export_1769195719341_vlvm4mfby","data_type":"advertisement_pricing_configs","time_range":"30d"}"
"c021df10-791b-403e-956e-728d0f08110b","main_blue_area_b2b_platform","video","week","false","8280.00","true","main blue area b2b platform - video - week - Non-Quitable",""2025-12-26T10:22:25.431Z"",""2025-12-26T10:22:25.431Z"","{"exported_at":"2026-01-23T19:15:20.046Z","export_job_id":"export_1769195719341_vlvm4mfby","data_type":"advertisement_pricing_configs","time_range":"30d"}"
"abbe217d-209d-4e0f-81ac-03ee894ac6d7","main_blue_area_b2b_platform","video","month","true","23000.00","true","main blue area b2b platform - video - month - Quitable",""2025-12-26T10:22:25.431Z"",""2025-12-26T10:22:25.431Z"","{"exported_at":"2026-01-23T19:15:20.046Z","export_job_id":"export_1769195719341_vlvm4mfby","data_type":"advertisement_pricing_configs","time_range":"30d"}"
"75cd4f36-cfac-4260-99db-e77196ad08d4","main_blue_area_b2b_platform","video","month","false","27600.00","true","main blue area b2b platform - video - month - Non-Quitable",""2025-12-26T10:22:25.431Z"",""2025-12-26T10:22:25.431Z"","{"exported_at":"2026-01-23T19:15:20.046Z","export_job_id":"export_1769195719341_vlvm4mfby","data_type":"advertisement_pricing_configs","time_range":"30d"}"
"34fcdc14-cbe6-4741-9ec0-d5f7e6b2185b","main_blue_area_b2b_platform","image","hour","true","40.00","true","main blue area b2b platform - image - hour - Quitable",""2025-12-26T10:22:25.431Z"",""2025-12-26T10:22:25.431Z"","{"exported_at":"2026-01-23T19:15:20.046Z","export_job_id":"export_1769195719341_vlvm4mfby","data_type":"advertisement_pricing_configs","time_range":"30d"}"
"4eb18ed3-a820-4637-8b08-99bcedcfa60d","main_blue_area_b2b_platform","image","hour","false","48.00","true","main blue area b2b platform - image - hour - Non-Quitable",""2025-12-26T10:22:25.431Z"",""2025-12-26T10:22:25.431Z"","{"exported_at":"2026-01-23T19:15:20.046Z","export_job_id":"export_1769195719341_vlvm4mfby","data_type":"advertisement_pricing_configs","time_range":"30d"}"
"a429e3ac-e5d5-4b36-9200-18781d818f98","main_blue_area_b2b_platform","image","day","true","805.00","true","main blue area b2b platform - image - day - Quitable",""2025-12-26T10:22:25.431Z"",""2025-12-26T10:22:25.431Z"","{"exported_at":"2026-01-23T19:15:20.046Z","export_job_id":"export_1769195719341_vlvm4mfby","data_type":"advertisement_pricing_configs","time_range":"30d"}"
"834519f0-08b2-43f0-a9e8-8835820d85d3","main_blue_area_b2b_platform","image","day","false","966.00","true","main blue area b2b platform - image - day - Non-Quitable",""2025-12-26T10:22:25.431Z"",""2025-12-26T10:22:25.431Z"","{"exported_at":"2026-01-23T19:15:20.046Z","export_job_id":"export_1769195719341_vlvm4mfby","data_type":"advertisement_pricing_configs","time_range":"30d"}"
"c41e6630-da08-4029-b09b-1a4c8a2eca17","main_blue_area_b2b_platform","image","week","true","4830.00","true","main blue area b2b platform - image - week - Quitable",""2025-12-26T10:22:25.431Z"",""2025-12-26T10:22:25.431Z"","{"exported_at":"2026-01-23T19:15:20.046Z","export_job_id":"export_1769195719341_vlvm4mfby","data_type":"advertisement_pricing_configs","time_range":"30d"}"
"9282c31b-d4de-4e86-be76-876eac49f262","main_blue_area_b2b_platform","image","week","false","5796.00","true","main blue area b2b platform - image - week - Non-Quitable",""2025-12-26T10:22:25.431Z"",""2025-12-26T10:22:25.431Z"","{"exported_at":"2026-01-23T19:15:20.046Z","export_job_id":"export_1769195719341_vlvm4mfby","data_type":"advertisement_pricing_configs","time_range":"30d"}"
"8ad5453c-8697-4505-98e7-9b91d0099f31","main_blue_area_b2b_platform","image","month","true","16100.00","true","main blue area b2b platform - image - month - Quitable",""2025-12-26T10:22:25.431Z"",""2025-12-26T10:22:25.431Z"","{"exported_at":"2026-01-23T19:15:20.046Z","export_job_id":"export_1769195719341_vlvm4mfby","data_type":"advertisement_pricing_configs","time_range":"30d"}"
"ac25d5b9-ef05-4aec-9d8f-3a2a699be45f","main_blue_area_b2b_platform","image","month","false","19320.00","true","main blue area b2b platform - image - month - Non-Quitable",""2025-12-26T10:22:25.431Z"",""2025-12-26T10:22:25.431Z"","{"exported_at":"2026-01-23T19:15:20.046Z","export_job_id":"export_1769195719341_vlvm4mfby","data_type":"advertisement_pricing_configs","time_range":"30d"}"
"9e0948cf-c6bb-401c-9830-c74e7b39aba4","main_blue_area_b2b_platform","animation","hour","true","49.00","true","main blue area b2b platform - animation - hour - Quitable",""2025-12-26T10:22:25.431Z"",""2025-12-26T10:22:25.431Z"","{"exported_at":"2026-01-23T19:15:20.046Z","export_job_id":"export_1769195719341_vlvm4mfby","data_type":"advertisement_pricing_configs","time_range":"30d"}"
"4306a1d3-07c5-448e-9341-19649bfc1831","main_blue_area_b2b_platform","animation","hour","false","59.00","true","main blue area b2b platform - animation - hour - Non-Quitable",""2025-12-26T10:22:25.431Z"",""2025-12-26T10:22:25.431Z"","{"exported_at":"2026-01-23T19:15:20.046Z","export_job_id":"export_1769195719341_vlvm4mfby","data_type":"advertisement_pricing_configs","time_range":"30d"}"
"981d8202-a658-491f-bdf0-da27a23bd913","main_blue_area_b2b_platform","animation","day","true","978.00","true","main blue area b2b platform - animation - day - Quitable",""2025-12-26T10:22:25.431Z"",""2025-12-26T10:22:25.431Z"","{"exported_at":"2026-01-23T19:15:20.046Z","export_job_id":"export_1769195719341_vlvm4mfby","data_type":"advertisement_pricing_configs","time_range":"30d"}"
"7d50f3f5-d275-4ab0-9e81-5f5d63d5bcbd","main_blue_area_b2b_platform","animation","week","true","5865.00","true","main blue area b2b platform - animation - week - Quitable",""2025-12-26T10:22:25.431Z"",""2025-12-26T10:22:25.431Z"","{"exported_at":"2026-01-23T19:15:20.046Z","export_job_id":"export_1769195719341_vlvm4mfby","data_type":"advertisement_pricing_configs","time_range":"30d"}"
"44c8e5f0-ab1a-485f-8a55-3d3ceaf0a53e","main_blue_area_b2b_platform","animation","week","false","7038.00","true","main blue area b2b platform - animation - week - Non-Quitable",""2025-12-26T10:22:25.431Z"",""2025-12-26T10:22:25.431Z"","{"exported_at":"2026-01-23T19:15:20.046Z","export_job_id":"export_1769195719341_vlvm4mfby","data_type":"advertisement_pricing_configs","time_range":"30d"}"
"a4e55108-0e57-49e4-86e3-9cbde68bf499","main_blue_area_b2b_platform","animation","month","true","19550.00","true","main blue area b2b platform - animation - month - Quitable",""2025-12-26T10:22:25.431Z"",""2025-12-26T10:22:25.431Z"","{"exported_at":"2026-01-23T19:15:20.046Z","export_job_id":"export_1769195719341_vlvm4mfby","data_type":"advertisement_pricing_configs","time_range":"30d"}"
"189969a5-a3c8-4493-9b84-24dbc77cf549","main_blue_area_b2b_platform","animation","month","false","23460.00","true","main blue area b2b platform - animation - month - Non-Quitable",""2025-12-26T10:22:25.431Z"",""2025-12-26T10:22:25.431Z"","{"exported_at":"2026-01-23T19:15:20.046Z","export_job_id":"export_1769195719341_vlvm4mfby","data_type":"advertisement_pricing_configs","time_range":"30d"}"
"6ee2de1e-2bed-4f0d-ae94-a944ad5e0ceb","main_blue_area_b2b_platform","general","hour","true","34.00","true","main blue area b2b platform - general - hour - Quitable",""2025-12-26T10:22:25.431Z"",""2025-12-26T10:22:25.431Z"","{"exported_at":"2026-01-23T19:15:20.046Z","export_job_id":"export_1769195719341_vlvm4mfby","data_type":"advertisement_pricing_configs","time_range":"30d"}"
"b8297bc7-b6b4-4bf8-99e8-7e1e59937b83","main_blue_area_b2b_platform","general","hour","false","41.00","true","main blue area b2b platform - general - hour - Non-Quitable",""2025-12-26T10:22:25.431Z"",""2025-12-26T10:22:25.431Z"","{"exported_at":"2026-01-23T19:15:20.046Z","export_job_id":"export_1769195719341_vlvm4mfby","data_type":"advertisement_pricing_configs","time_range":"30d"}"
"d5b0eb06-a922-4561-98e5-820c2cdf9b43","main_blue_area_b2b_platform","general","day","true","690.00","true","main blue area b2b platform - general - day - Quitable",""2025-12-26T10:22:25.431Z"",""2025-12-26T10:22:25.431Z"","{"exported_at":"2026-01-23T19:15:20.046Z","export_job_id":"export_1769195719341_vlvm4mfby","data_type":"advertisement_pricing_configs","time_range":"30d"}"
"9ed13ca6-b5da-4c75-a0cd-aa6a5abf8013","main_blue_area_b2b_platform","general","day","false","828.00","true","main blue area b2b platform - general - day - Non-Quitable",""2025-12-26T10:22:25.431Z"",""2025-12-26T10:22:25.431Z"","{"exported_at":"2026-01-23T19:15:20.046Z","export_job_id":"export_1769195719341_vlvm4mfby","data_type":"advertisement_pricing_configs","time_range":"30d"}"
"651c8fbd-d252-4cfd-a497-47be004b5871","main_blue_area_b2b_platform","general","week","true","4140.00","true","main blue area b2b platform - general - week - Quitable",""2025-12-26T10:22:25.431Z"",""2025-12-26T10:22:25.431Z"","{"exported_at":"2026-01-23T19:15:20.046Z","export_job_id":"export_1769195719341_vlvm4mfby","data_type":"advertisement_pricing_configs","time_range":"30d"}"
"d49f4d92-29f8-4120-8dcf-f987624791be","main_blue_area_b2b_platform","general","week","false","4968.00","true","main blue area b2b platform - general - week - Non-Quitable",""2025-12-26T10:22:25.431Z"",""2025-12-26T10:22:25.431Z"","{"exported_at":"2026-01-23T19:15:20.046Z","export_job_id":"export_1769195719341_vlvm4mfby","data_type":"advertisement_pricing_configs","time_range":"30d"}"
"b45b1b78-5e62-4562-96b4-42b08732f9e3","main_blue_area_b2b_platform","general","month","true","13800.00","true","main blue area b2b platform - general - month - Quitable",""2025-12-26T10:22:25.431Z"",""2025-12-26T10:22:25.431Z"","{"exported_at":"2026-01-23T19:15:20.046Z","export_job_id":"export_1769195719341_vlvm4mfby","data_type":"advertisement_pricing_configs","time_range":"30d"}"
"e937eb2f-a49b-4545-9cc8-17e6e4f22ab8","main_blue_area_b2b_platform","general","month","false","16560.00","true","main blue area b2b platform - general - month - Non-Quitable",""2025-12-26T10:22:25.431Z"",""2025-12-26T10:22:25.431Z"","{"exported_at":"2026-01-23T19:15:20.046Z","export_job_id":"export_1769195719341_vlvm4mfby","data_type":"advertisement_pricing_configs","time_range":"30d"}"
"423e1e72-7715-4ce7-a467-d8c5bdd3e2ca","main_blue_area_b2b_platform","comprehensive","hour","true","75.00","true","main blue area b2b platform - comprehensive - hour - Quitable",""2025-12-26T10:22:25.431Z"",""2025-12-26T10:22:25.431Z"","{"exported_at":"2026-01-23T19:15:20.046Z","export_job_id":"export_1769195719341_vlvm4mfby","data_type":"advertisement_pricing_configs","time_range":"30d"}"
"bd4551e3-eecb-48ec-acdd-a8525f63abcc","main_blue_area_b2b_platform","comprehensive","hour","false","90.00","true","main blue area b2b platform - comprehensive - hour - Non-Quitable",""2025-12-26T10:22:25.431Z"",""2025-12-26T10:22:25.431Z"","{"exported_at":"2026-01-23T19:15:20.046Z","export_job_id":"export_1769195719341_vlvm4mfby","data_type":"advertisement_pricing_configs","time_range":"30d"}"
"874d3907-9315-44ea-bca4-2332c9ec5a0e","main_blue_area_b2b_platform","comprehensive","day","true","1495.00","true","main blue area b2b platform - comprehensive - day - Quitable",""2025-12-26T10:22:25.431Z"",""2025-12-26T10:22:25.431Z"","{"exported_at":"2026-01-23T19:15:20.046Z","export_job_id":"export_1769195719341_vlvm4mfby","data_type":"advertisement_pricing_configs","time_range":"30d"}"
"9b1fc6ca-412d-4afe-9d0d-8c10ef67a8ff","main_blue_area_b2b_platform","comprehensive","day","false","1794.00","true","main blue area b2b platform - comprehensive - day - Non-Quitable",""2025-12-26T10:22:25.431Z"",""2025-12-26T10:22:25.431Z"","{"exported_at":"2026-01-23T19:15:20.046Z","export_job_id":"export_1769195719341_vlvm4mfby","data_type":"advertisement_pricing_configs","time_range":"30d"}"
"baec1987-b84c-42ac-99e4-0805fadbb061","main_blue_area_b2b_platform","comprehensive","week","true","8970.00","true","main blue area b2b platform - comprehensive - week - Quitable",""2025-12-26T10:22:25.431Z"",""2025-12-26T10:22:25.431Z"","{"exported_at":"2026-01-23T19:15:20.046Z","export_job_id":"export_1769195719341_vlvm4mfby","data_type":"advertisement_pricing_configs","time_range":"30d"}"
"851bed41-e319-4aaf-8a39-6120765d8ad2","main_blue_area_b2b_platform","comprehensive","week","false","10764.00","true","main blue area b2b platform - comprehensive - week - Non-Quitable",""2025-12-26T10:22:25.431Z"",""2025-12-26T10:22:25.431Z"","{"exported_at":"2026-01-23T19:15:20.046Z","export_job_id":"export_1769195719341_vlvm4mfby","data_type":"advertisement_pricing_configs","time_range":"30d"}"
"860c9926-4a07-4236-bb41-f884e30f3897","main_blue_area_b2b_platform","comprehensive","month","true","29900.00","true","main blue area b2b platform - comprehensive - month - Quitable",""2025-12-26T10:22:25.431Z"",""2025-12-26T10:22:25.431Z"","{"exported_at":"2026-01-23T19:15:20.046Z","export_job_id":"export_1769195719341_vlvm4mfby","data_type":"advertisement_pricing_configs","time_range":"30d"}"
"296fcec1-59f6-45bd-88cd-eacbf6d7f4c2","main_blue_area_b2b_platform","comprehensive","month","false","35880.00","true","main blue area b2b platform - comprehensive - month - Non-Quitable",""2025-12-26T10:22:25.431Z"",""2025-12-26T10:22:25.431Z"","{"exported_at":"2026-01-23T19:15:20.047Z","export_job_id":"export_1769195719341_vlvm4mfby","data_type":"advertisement_pricing_configs","time_range":"30d"}"
"61568bad-ab77-4c95-b0ac-e3119b76270a","main_blue_area_b2b_platform","covering","hour","true","86.00","true","main blue area b2b platform - covering - hour - Quitable",""2025-12-26T10:22:25.431Z"",""2025-12-26T10:22:25.431Z"","{"exported_at":"2026-01-23T19:15:20.047Z","export_job_id":"export_1769195719341_vlvm4mfby","data_type":"advertisement_pricing_configs","time_range":"30d"}"
"83a76229-523d-42d4-a0b9-57163091cffc","main_blue_area_b2b_platform","covering","hour","false","103.00","true","main blue area b2b platform - covering - hour - Non-Quitable",""2025-12-26T10:22:25.431Z"",""2025-12-26T10:22:25.431Z"","{"exported_at":"2026-01-23T19:15:20.047Z","export_job_id":"export_1769195719341_vlvm4mfby","data_type":"advertisement_pricing_configs","time_range":"30d"}"
"05ceb7ef-3df1-410d-a587-4b8ac367736a","main_blue_area_b2b_platform","covering","day","true","1725.00","true","main blue area b2b platform - covering - day - Quitable",""2025-12-26T10:22:25.431Z"",""2025-12-26T10:22:25.431Z"","{"exported_at":"2026-01-23T19:15:20.047Z","export_job_id":"export_1769195719341_vlvm4mfby","data_type":"advertisement_pricing_configs","time_range":"30d"}"
"407a0f24-a7ac-45c3-866f-61528ec18726","main_blue_area_b2b_platform","covering","day","false","2070.00","true","main blue area b2b platform - covering - day - Non-Quitable",""2025-12-26T10:22:25.431Z"",""2025-12-26T10:22:25.431Z"","{"exported_at":"2026-01-23T19:15:20.047Z","export_job_id":"export_1769195719341_vlvm4mfby","data_type":"advertisement_pricing_configs","time_range":"30d"}"
"90cc29ca-b7e5-4727-a65c-b0dcb4c744fe","main_blue_area_b2b_platform","covering","week","true","10350.00","true","main blue area b2b platform - covering - week - Quitable",""2025-12-26T10:22:25.431Z"",""2025-12-26T10:22:25.431Z"","{"exported_at":"2026-01-23T19:15:20.047Z","export_job_id":"export_1769195719341_vlvm4mfby","data_type":"advertisement_pricing_configs","time_range":"30d"}"
"293a0d8b-ce0c-447a-be9e-4e141bea3362","main_blue_area_b2b_platform","covering","week","false","12420.00","true","main blue area b2b platform - covering - week - Non-Quitable",""2025-12-26T10:22:25.431Z"",""2025-12-26T10:22:25.431Z"","{"exported_at":"2026-01-23T19:15:20.047Z","export_job_id":"export_1769195719341_vlvm4mfby","data_type":"advertisement_pricing_configs","time_range":"30d"}"
"62695076-cccb-4023-93b0-285d8d6cb3d4","main_blue_area_b2b_platform","covering","month","true","34500.00","true","main blue area b2b platform - covering - month - Quitable",""2025-12-26T10:22:25.431Z"",""2025-12-26T10:22:25.431Z"","{"exported_at":"2026-01-23T19:15:20.047Z","export_job_id":"export_1769195719341_vlvm4mfby","data_type":"advertisement_pricing_configs","time_range":"30d"}"
"7e0b0075-8a7e-4894-b905-484ea6c3fdd2","main_blue_area_b2b_platform","covering","month","false","41400.00","true","main blue area b2b platform - covering - month - Non-Quitable",""2025-12-26T10:22:25.431Z"",""2025-12-26T10:22:25.431Z"","{"exported_at":"2026-01-23T19:15:20.047Z","export_job_id":"export_1769195719341_vlvm4mfby","data_type":"advertisement_pricing_configs","time_range":"30d"}"
"04acf82b-a3e7-4708-b126-b59766aa4c38","purple_pink_content_area","video","hour","true","45.00","true","purple pink content area - video - hour - Quitable",""2025-12-26T10:22:25.431Z"",""2025-12-26T10:22:25.431Z"","{"exported_at":"2026-01-23T19:15:20.047Z","export_job_id":"export_1769195719341_vlvm4mfby","data_type":"advertisement_pricing_configs","time_range":"30d"}"
"a5e3a645-edba-4951-9a03-d1b9c644cd73","purple_pink_content_area","video","hour","false","54.00","true","purple pink content area - video - hour - Non-Quitable",""2025-12-26T10:22:25.431Z"",""2025-12-26T10:22:25.431Z"","{"exported_at":"2026-01-23T19:15:20.047Z","export_job_id":"export_1769195719341_vlvm4mfby","data_type":"advertisement_pricing_configs","time_range":"30d"}"
"844b601f-b7a0-4014-87e0-a9b975dcdf76","purple_pink_content_area","video","day","true","900.00","true","purple pink content area - video - day - Quitable",""2025-12-26T10:22:25.431Z"",""2025-12-26T10:22:25.431Z"","{"exported_at":"2026-01-23T19:15:20.047Z","export_job_id":"export_1769195719341_vlvm4mfby","data_type":"advertisement_pricing_configs","time_range":"30d"}"
"d156107d-8a20-4c9a-a7c9-cf2221590ea1","purple_pink_content_area","video","day","false","1080.00","true","purple pink content area - video - day - Non-Quitable",""2025-12-26T10:22:25.431Z"",""2025-12-26T10:22:25.431Z"","{"exported_at":"2026-01-23T19:15:20.047Z","export_job_id":"export_1769195719341_vlvm4mfby","data_type":"advertisement_pricing_configs","time_range":"30d"}"
"45a71bd0-61e8-4865-9351-f87f32b2be4d","purple_pink_content_area","video","week","true","5400.00","true","purple pink content area - video - week - Quitable",""2025-12-26T10:22:25.431Z"",""2025-12-26T10:22:25.431Z"","{"exported_at":"2026-01-23T19:15:20.047Z","export_job_id":"export_1769195719341_vlvm4mfby","data_type":"advertisement_pricing_configs","time_range":"30d"}"
"d7bf5c18-682c-42bd-a04f-f5ee0ca1a438","purple_pink_content_area","video","week","false","6480.00","true","purple pink content area - video - week - Non-Quitable",""2025-12-26T10:22:25.431Z"",""2025-12-26T10:22:25.431Z"","{"exported_at":"2026-01-23T19:15:20.047Z","export_job_id":"export_1769195719341_vlvm4mfby","data_type":"advertisement_pricing_configs","time_range":"30d"}"
"9de5758d-6e4d-4a55-b48e-3dd1d6cdfe5f","purple_pink_content_area","video","month","true","18000.00","true","purple pink content area - video - month - Quitable",""2025-12-26T10:22:25.431Z"",""2025-12-26T10:22:25.431Z"","{"exported_at":"2026-01-23T19:15:20.047Z","export_job_id":"export_1769195719341_vlvm4mfby","data_type":"advertisement_pricing_configs","time_range":"30d"}"
"a1cab3b9-0d7c-453e-9f05-a53ecaca048d","purple_pink_content_area","video","month","false","21600.00","true","purple pink content area - video - month - Non-Quitable",""2025-12-26T10:22:25.431Z"",""2025-12-26T10:22:25.431Z"","{"exported_at":"2026-01-23T19:15:20.047Z","export_job_id":"export_1769195719341_vlvm4mfby","data_type":"advertisement_pricing_configs","time_range":"30d"}"
"7844b921-4abe-4270-9673-2f3c15f15fb4","purple_pink_content_area","image","hour","true","31.00","true","purple pink content area - image - hour - Quitable",""2025-12-26T10:22:25.431Z"",""2025-12-26T10:22:25.431Z"","{"exported_at":"2026-01-23T19:15:20.047Z","export_job_id":"export_1769195719341_vlvm4mfby","data_type":"advertisement_pricing_configs","time_range":"30d"}"
"f6bf0181-0ba3-4771-8524-b73c1c81b73d","purple_pink_content_area","image","hour","false","38.00","true","purple pink content area - image - hour - Non-Quitable",""2025-12-26T10:22:25.431Z"",""2025-12-26T10:22:25.431Z"","{"exported_at":"2026-01-23T19:15:20.047Z","export_job_id":"export_1769195719341_vlvm4mfby","data_type":"advertisement_pricing_configs","time_range":"30d"}"
"0cb7d70d-dbfb-4458-a96d-1eaca73f511f","purple_pink_content_area","image","day","true","630.00","true","purple pink content area - image - day - Quitable",""2025-12-26T10:22:25.431Z"",""2025-12-26T10:22:25.431Z"","{"exported_at":"2026-01-23T19:15:20.047Z","export_job_id":"export_1769195719341_vlvm4mfby","data_type":"advertisement_pricing_configs","time_range":"30d"}"
"8396a9bf-6b43-48a5-b1c3-efe315866a87","purple_pink_content_area","image","day","false","756.00","true","purple pink content area - image - day - Non-Quitable",""2025-12-26T10:22:25.431Z"",""2025-12-26T10:22:25.431Z"","{"exported_at":"2026-01-23T19:15:20.047Z","export_job_id":"export_1769195719341_vlvm4mfby","data_type":"advertisement_pricing_configs","time_range":"30d"}"
"fface64f-aea5-43d4-9958-0feb13f146a8","purple_pink_content_area","image","week","true","3780.00","true","purple pink content area - image - week - Quitable",""2025-12-26T10:22:25.431Z"",""2025-12-26T10:22:25.431Z"","{"exported_at":"2026-01-23T19:15:20.047Z","export_job_id":"export_1769195719341_vlvm4mfby","data_type":"advertisement_pricing_configs","time_range":"30d"}"
"6fcbee70-1566-4ab3-b22a-65b73fdd936e","purple_pink_content_area","image","week","false","4536.00","true","purple pink content area - image - week - Non-Quitable",""2025-12-26T10:22:25.431Z"",""2025-12-26T10:22:25.431Z"","{"exported_at":"2026-01-23T19:15:20.047Z","export_job_id":"export_1769195719341_vlvm4mfby","data_type":"advertisement_pricing_configs","time_range":"30d"}"
"dd958f51-d82d-470c-b486-9b59ab2cd474","purple_pink_content_area","image","month","true","12600.00","true","purple pink content area - image - month - Quitable",""2025-12-26T10:22:25.431Z"",""2025-12-26T10:22:25.431Z"","{"exported_at":"2026-01-23T19:15:20.047Z","export_job_id":"export_1769195719341_vlvm4mfby","data_type":"advertisement_pricing_configs","time_range":"30d"}"
"ca1b9975-98d0-47ee-89be-fa78c769811e","purple_pink_content_area","image","month","false","15120.00","true","purple pink content area - image - month - Non-Quitable",""2025-12-26T10:22:25.431Z"",""2025-12-26T10:22:25.431Z"","{"exported_at":"2026-01-23T19:15:20.047Z","export_job_id":"export_1769195719341_vlvm4mfby","data_type":"advertisement_pricing_configs","time_range":"30d"}"
"dcfa3bd9-9552-43d9-beca-5c2b7098ad22","purple_pink_content_area","animation","hour","true","38.00","true","purple pink content area - animation - hour - Quitable",""2025-12-26T10:22:25.431Z"",""2025-12-26T10:22:25.431Z"","{"exported_at":"2026-01-23T19:15:20.047Z","export_job_id":"export_1769195719341_vlvm4mfby","data_type":"advertisement_pricing_configs","time_range":"30d"}"
"5bc71305-77f1-4118-a75d-d8b654e8742e","purple_pink_content_area","animation","hour","false","46.00","true","purple pink content area - animation - hour - Non-Quitable",""2025-12-26T10:22:25.431Z"",""2025-12-26T10:22:25.431Z"","{"exported_at":"2026-01-23T19:15:20.047Z","export_job_id":"export_1769195719341_vlvm4mfby","data_type":"advertisement_pricing_configs","time_range":"30d"}"
"0491dc31-4e4a-46f3-ad20-7becce7e901b","purple_pink_content_area","animation","day","true","765.00","true","purple pink content area - animation - day - Quitable",""2025-12-26T10:22:25.431Z"",""2025-12-26T10:22:25.431Z"","{"exported_at":"2026-01-23T19:15:20.047Z","export_job_id":"export_1769195719341_vlvm4mfby","data_type":"advertisement_pricing_configs","time_range":"30d"}"
"cad794a1-2d75-441d-bce6-35521ab8bce6","purple_pink_content_area","animation","day","false","918.00","true","purple pink content area - animation - day - Non-Quitable",""2025-12-26T10:22:25.431Z"",""2025-12-26T10:22:25.431Z"","{"exported_at":"2026-01-23T19:15:20.047Z","export_job_id":"export_1769195719341_vlvm4mfby","data_type":"advertisement_pricing_configs","time_range":"30d"}"
"b91ccd4f-e155-48fa-a9ad-168fa027aee9","purple_pink_content_area","animation","week","true","4590.00","true","purple pink content area - animation - week - Quitable",""2025-12-26T10:22:25.431Z"",""2025-12-26T10:22:25.431Z"","{"exported_at":"2026-01-23T19:15:20.047Z","export_job_id":"export_1769195719341_vlvm4mfby","data_type":"advertisement_pricing_configs","time_range":"30d"}"
"52a00042-de9c-49ba-89bb-f61f18b18500","purple_pink_content_area","animation","week","false","5508.00","true","purple pink content area - animation - week - Non-Quitable",""2025-12-26T10:22:25.431Z"",""2025-12-26T10:22:25.431Z"","{"exported_at":"2026-01-23T19:15:20.047Z","export_job_id":"export_1769195719341_vlvm4mfby","data_type":"advertisement_pricing_configs","time_range":"30d"}"
"c5fed39c-60ad-4159-b305-4434f5d1c574","purple_pink_content_area","animation","month","true","15300.00","true","purple pink content area - animation - month - Quitable",""2025-12-26T10:22:25.431Z"",""2025-12-26T10:22:25.431Z"","{"exported_at":"2026-01-23T19:15:20.047Z","export_job_id":"export_1769195719341_vlvm4mfby","data_type":"advertisement_pricing_configs","time_range":"30d"}"
"9f46adfa-648c-43ef-8c38-e05feb0bc39f","purple_pink_content_area","animation","month","false","18360.00","true","purple pink content area - animation - month - Non-Quitable",""2025-12-26T10:22:25.431Z"",""2025-12-26T10:22:25.431Z"","{"exported_at":"2026-01-23T19:15:20.047Z","export_job_id":"export_1769195719341_vlvm4mfby","data_type":"advertisement_pricing_configs","time_range":"30d"}"
"9f80993c-7d50-4351-8b5e-1982668a37a2","purple_pink_content_area","general","hour","true","27.00","true","purple pink content area - general - hour - Quitable",""2025-12-26T10:22:25.431Z"",""2025-12-26T10:22:25.431Z"","{"exported_at":"2026-01-23T19:15:20.047Z","export_job_id":"export_1769195719341_vlvm4mfby","data_type":"advertisement_pricing_configs","time_range":"30d"}"
"516d02c8-acbf-4c1b-b078-f0391b1908f8","purple_pink_content_area","general","hour","false","32.00","true","purple pink content area - general - hour - Non-Quitable",""2025-12-26T10:22:25.431Z"",""2025-12-26T10:22:25.431Z"","{"exported_at":"2026-01-23T19:15:20.047Z","export_job_id":"export_1769195719341_vlvm4mfby","data_type":"advertisement_pricing_configs","time_range":"30d"}"
"860e2748-30af-426a-a250-73309cefb978","purple_pink_content_area","general","day","true","540.00","true","purple pink content area - general - day - Quitable",""2025-12-26T10:22:25.431Z"",""2025-12-26T10:22:25.431Z"","{"exported_at":"2026-01-23T19:15:20.047Z","export_job_id":"export_1769195719341_vlvm4mfby","data_type":"advertisement_pricing_configs","time_range":"30d"}"
"c8c75b1b-5821-4a72-8a6d-d656a4e84888","purple_pink_content_area","general","day","false","648.00","true","purple pink content area - general - day - Non-Quitable",""2025-12-26T10:22:25.431Z"",""2025-12-26T10:22:25.431Z"","{"exported_at":"2026-01-23T19:15:20.047Z","export_job_id":"export_1769195719341_vlvm4mfby","data_type":"advertisement_pricing_configs","time_range":"30d"}"
"74731296-01c4-44c9-8241-2bfba9c39198","purple_pink_content_area","general","week","true","3240.00","true","purple pink content area - general - week - Quitable",""2025-12-26T10:22:25.431Z"",""2025-12-26T10:22:25.431Z"","{"exported_at":"2026-01-23T19:15:20.047Z","export_job_id":"export_1769195719341_vlvm4mfby","data_type":"advertisement_pricing_configs","time_range":"30d"}"
"02d7f117-b938-4edb-a1a9-f31660efbfda","purple_pink_content_area","general","week","false","3888.00","true","purple pink content area - general - week - Non-Quitable",""2025-12-26T10:22:25.431Z"",""2025-12-26T10:22:25.431Z"","{"exported_at":"2026-01-23T19:15:20.047Z","export_job_id":"export_1769195719341_vlvm4mfby","data_type":"advertisement_pricing_configs","time_range":"30d"}"
"c6545ba2-643b-469d-8832-a96862c588cb","purple_pink_content_area","general","month","true","10800.00","true","purple pink content area - general - month - Quitable",""2025-12-26T10:22:25.431Z"",""2025-12-26T10:22:25.431Z"","{"exported_at":"2026-01-23T19:15:20.047Z","export_job_id":"export_1769195719341_vlvm4mfby","data_type":"advertisement_pricing_configs","time_range":"30d"}"
"c37b95ca-1eb8-49fb-91af-fb8b0a4ddf39","purple_pink_content_area","general","month","false","12960.00","true","purple pink content area - general - month - Non-Quitable",""2025-12-26T10:22:25.431Z"",""2025-12-26T10:22:25.431Z"","{"exported_at":"2026-01-23T19:15:20.047Z","export_job_id":"export_1769195719341_vlvm4mfby","data_type":"advertisement_pricing_configs","time_range":"30d"}"
"ccf4b739-8741-4145-9e11-ea491f499e52","purple_pink_content_area","comprehensive","hour","true","59.00","true","purple pink content area - comprehensive - hour - Quitable",""2025-12-26T10:22:25.431Z"",""2025-12-26T10:22:25.431Z"","{"exported_at":"2026-01-23T19:15:20.047Z","export_job_id":"export_1769195719341_vlvm4mfby","data_type":"advertisement_pricing_configs","time_range":"30d"}"
"81c6b14f-6926-49a9-9fdf-8a3448f77062","purple_pink_content_area","comprehensive","hour","false","70.00","true","purple pink content area - comprehensive - hour - Non-Quitable",""2025-12-26T10:22:25.431Z"",""2025-12-26T10:22:25.431Z"","{"exported_at":"2026-01-23T19:15:20.047Z","export_job_id":"export_1769195719341_vlvm4mfby","data_type":"advertisement_pricing_configs","time_range":"30d"}"
"19082821-6bf0-4e98-8ba1-06e600d152fb","purple_pink_content_area","comprehensive","day","true","1170.00","true","purple pink content area - comprehensive - day - Quitable",""2025-12-26T10:22:25.431Z"",""2025-12-26T10:22:25.431Z"","{"exported_at":"2026-01-23T19:15:20.047Z","export_job_id":"export_1769195719341_vlvm4mfby","data_type":"advertisement_pricing_configs","time_range":"30d"}"
"79978064-f37f-4bb9-9495-1c066a5b110b","purple_pink_content_area","comprehensive","day","false","1404.00","true","purple pink content area - comprehensive - day - Non-Quitable",""2025-12-26T10:22:25.431Z"",""2025-12-26T10:22:25.431Z"","{"exported_at":"2026-01-23T19:15:20.047Z","export_job_id":"export_1769195719341_vlvm4mfby","data_type":"advertisement_pricing_configs","time_range":"30d"}"
"da6bd1de-9c5e-463a-a89b-416f2f476242","purple_pink_content_area","comprehensive","week","true","7020.00","true","purple pink content area - comprehensive - week - Quitable",""2025-12-26T10:22:25.431Z"",""2025-12-26T10:22:25.431Z"","{"exported_at":"2026-01-23T19:15:20.047Z","export_job_id":"export_1769195719341_vlvm4mfby","data_type":"advertisement_pricing_configs","time_range":"30d"}"
"a0663197-4bdd-4750-ace7-9cc70cdebed3","purple_pink_content_area","comprehensive","week","false","8424.00","true","purple pink content area - comprehensive - week - Non-Quitable",""2025-12-26T10:22:25.431Z"",""2025-12-26T10:22:25.431Z"","{"exported_at":"2026-01-23T19:15:20.047Z","export_job_id":"export_1769195719341_vlvm4mfby","data_type":"advertisement_pricing_configs","time_range":"30d"}"
"b99767d6-6ec6-43b1-b939-c30a2bc53c33","purple_pink_content_area","comprehensive","month","true","23400.00","true","purple pink content area - comprehensive - month - Quitable",""2025-12-26T10:22:25.431Z"",""2025-12-26T10:22:25.431Z"","{"exported_at":"2026-01-23T19:15:20.047Z","export_job_id":"export_1769195719341_vlvm4mfby","data_type":"advertisement_pricing_configs","time_range":"30d"}"
"3bb0c312-73b7-4965-bf47-6a8bd91c86c6","purple_pink_content_area","comprehensive","month","false","28080.00","true","purple pink content area - comprehensive - month - Non-Quitable",""2025-12-26T10:22:25.431Z"",""2025-12-26T10:22:25.431Z"","{"exported_at":"2026-01-23T19:15:20.047Z","export_job_id":"export_1769195719341_vlvm4mfby","data_type":"advertisement_pricing_configs","time_range":"30d"}"
"524eb7ab-21c9-4893-a559-fe53cceaaf40","purple_pink_content_area","covering","hour","true","68.00","true","purple pink content area - covering - hour - Quitable",""2025-12-26T10:22:25.431Z"",""2025-12-26T10:22:25.431Z"","{"exported_at":"2026-01-23T19:15:20.047Z","export_job_id":"export_1769195719341_vlvm4mfby","data_type":"advertisement_pricing_configs","time_range":"30d"}"
"f015dc90-1f5a-425d-bb21-780c5546c4f7","purple_pink_content_area","covering","hour","false","81.00","true","purple pink content area - covering - hour - Non-Quitable",""2025-12-26T10:22:25.431Z"",""2025-12-26T10:22:25.431Z"","{"exported_at":"2026-01-23T19:15:20.047Z","export_job_id":"export_1769195719341_vlvm4mfby","data_type":"advertisement_pricing_configs","time_range":"30d"}"
"c9bf6c03-8fac-451c-8aea-26ca3b263f55","purple_pink_content_area","covering","day","true","1350.00","true","purple pink content area - covering - day - Quitable",""2025-12-26T10:22:25.431Z"",""2025-12-26T10:22:25.431Z"","{"exported_at":"2026-01-23T19:15:20.047Z","export_job_id":"export_1769195719341_vlvm4mfby","data_type":"advertisement_pricing_configs","time_range":"30d"}"
"c792ccdc-691b-4a0f-87ea-9e5e85f6ed9d","purple_pink_content_area","covering","day","false","1620.00","true","purple pink content area - covering - day - Non-Quitable",""2025-12-26T10:22:25.431Z"",""2025-12-26T10:22:25.431Z"","{"exported_at":"2026-01-23T19:15:20.047Z","export_job_id":"export_1769195719341_vlvm4mfby","data_type":"advertisement_pricing_configs","time_range":"30d"}"
"17ca97b3-0666-49dc-9294-5a01b028b758","purple_pink_content_area","covering","week","true","8100.00","true","purple pink content area - covering - week - Quitable",""2025-12-26T10:22:25.431Z"",""2025-12-26T10:22:25.431Z"","{"exported_at":"2026-01-23T19:15:20.047Z","export_job_id":"export_1769195719341_vlvm4mfby","data_type":"advertisement_pricing_configs","time_range":"30d"}"
"013e71a5-bf6f-4aa8-b361-350529bf39d3","purple_pink_content_area","covering","week","false","9720.00","true","purple pink content area - covering - week - Non-Quitable",""2025-12-26T10:22:25.431Z"",""2025-12-26T10:22:25.431Z"","{"exported_at":"2026-01-23T19:15:20.047Z","export_job_id":"export_1769195719341_vlvm4mfby","data_type":"advertisement_pricing_configs","time_range":"30d"}"
"6f80f37e-5c0b-4e38-a736-dd775228de95","purple_pink_content_area","covering","month","true","27000.00","true","purple pink content area - covering - month - Quitable",""2025-12-26T10:22:25.431Z"",""2025-12-26T10:22:25.431Z"","{"exported_at":"2026-01-23T19:15:20.047Z","export_job_id":"export_1769195719341_vlvm4mfby","data_type":"advertisement_pricing_configs","time_range":"30d"}"
"377badc2-55e6-4df4-a92a-b03484147545","purple_pink_content_area","covering","month","false","32400.00","true","purple pink content area - covering - month - Non-Quitable",""2025-12-26T10:22:25.431Z"",""2025-12-26T10:22:25.431Z"","{"exported_at":"2026-01-23T19:15:20.047Z","export_job_id":"export_1769195719341_vlvm4mfby","data_type":"advertisement_pricing_configs","time_range":"30d"}"
"c34c32d5-5259-4f00-9649-90599d3704a9","main_blue_area_b2b_platform","animation","day","false","1173.00","true","main blue area b2b platform - animation - day - Non-Quitable",""2025-12-26T10:22:25.431Z"",""2026-01-21T02:15:46.630Z"","{"exported_at":"2026-01-23T19:15:20.047Z","export_job_id":"export_1769195719341_vlvm4mfby","data_type":"advertisement_pricing_configs","time_range":"30d"}"
