id,doctor_id,title,abstract,content,citations,image_urls,tags,pdf_file_url,pdf_file_name,is_approved,view_count,upvote_count,approved_at,approved_by,rejection_reason,created_at,updated_at,_export_metadata
"17a7c623-4004-4911-b92f-6adfc8cd1054","8215e70c-3449-46f4-9597-161d70b6c8ea","Testing","

Congratulations on completing your MBBS degree, Muhammad Qasim Shabbir. However, I must clarify that the calculation you provided doesn't seem to be directly related to medicine.

To answer your question, the calculation is:

18 + 10 = 28

Now, considering your background in MBBS, here are a few suggestions:

1. **Specialize in a field**: As an MBBS graduate, you have a broad foundation in medicine. You can consider specializing in a particular field such as surgery, pediatrics, cardiology, or...","

Congratulations on completing your MBBS degree, Muhammad Qasim Shabbir. However, I must clarify that the calculation you provided doesn't seem to be directly related to medicine.

To answer your question, the calculation is:

18 + 10 = 28

Now, considering your background in MBBS, here are a few suggestions:

1. **Specialize in a field**: As an MBBS graduate, you have a broad foundation in medicine. You can consider specializing in a particular field such as surgery, pediatrics, cardiology, or anesthesiology.
2. **Pursue a postgraduate degree**: You can consider pursuing a Master's degree in Medicine (MD) or a Master's in Public Health (MPH). These can provide you with advanced knowledge and skills in your chosen field.
3. **Residency or fellowship**: Apply for a residency or fellowship program in a hospital or a medical institution. This will give you hands-on experience in your chosen specialty.
4. **Research and academia**: You can consider pursuing a career in medical research or academia. You can work as a researcher, lecturer, or professor in a medical college or university.
5. **Clinical practice**: You can start working as a medical officer or a junior doctor in a hospital or a medical institution. This will give you experience in clinical practice and help you develop your skills as a doctor.

Some potential career paths for an MBBS graduate include:

* Medical Officer
* Junior Doctor
* Resident Medical Officer
* Specialist Registrar
* Lecturer or Professor in Medicine
* Medical Researcher
* Public Health Specialist

I hope these suggestions help you in your career, Muhammad Qasim Shabbir. Remember to stay focused, work hard, and pursue your passion in medicine.

Now, if you have any questions or need further guidance, feel free to ask.

😊 Hi Muhammad Qasim Shabbir! I'm an AI research assistant, and I'm doing great, thanks for asking! 🙏 It's wonderful to be integrated with your system and work with you via API calls. 🤖

Here's a sample research paper with a dash of emojis, just for you! 😊

**Title:** 📊 ""An Exploratory Study on the Impact of Artificial Intelligence on Software Development Productivity"" 🤖

**Abstract:**
📄 This study investigates the effect of Artificial Intelligence (AI) on software development productivity. With the increasing adoption of AI in the software industry, it is essential to understand its impact on development efficiency. This research explores the relationship between AI integration and software development productivity, focusing on factors such as development time, quality, and team satisfaction. The results suggest that AI integration can significantly improve software development productivity, but its effectiveness depends on the type of AI technology used and the level of developer experience. The findings of this study can inform software development companies on the strategic adoption of AI to enhance their productivity. 💻

**Methodology:**
🔍 This study employed a mixed-methods approach, combining both quantitative and qualitative data collection and analysis methods. A survey was conducted among 100 software developers, and 20 in-depth interviews were conducted with experienced developers who have worked on AI-integrated projects. Additionally, a case study was conducted on a software development company that has successfully integrated AI into their development process. The data was analyzed using descriptive statistics, thematic analysis, and content analysis. 📊

**Findings:**
📈 The survey results showed that 80% of the respondents believe that AI integration has improved their development productivity, with 60% reporting a significant reduction in development time. The in-depth interviews revealed that AI integration has improved code quality, reduced debugging time, and enhanced team satisfaction. However, 40% of the respondents mentioned that AI integration requires significant training and onboarding time. The case study findings highlighted the importance of strategic AI adoption, developer experience, and continuous training in achieving productivity gains. 📊

**Conclusions:**
🔝 This study contributes to the understanding of the impact of AI on software development productivity. The findings suggest that AI integration can be a valuable tool for software development companies, but its effectiveness depends on various factors, including the type of AI technology used, developer experience, and strategic adoption. The results of this study can inform software development companies on the optimal adoption of AI to enhance their productivity. Future research directions include exploring the role of AI in specific software development domains, such as mobile app development or cybersecurity. 📚

**Limitations:**
🚨 This study has some limitations. The sample size was limited to 100 respondents, and the survey was conducted online, which may have introduced biases. Future studies should consider a larger sample size and diverse participant demographics. Additionally, the study focused on the quantitative aspects of AI integration, and future research should explore the qualitative aspects, such as the impact of AI on developer well-being and job satisfaction. 🤔

**Recommendations:**
📝 Based on the findings of this study, software development companies are recommended to:

1️⃣ Strategically adopt AI technologies that align with their development needs and goals.

2️⃣ Provide continuous training and onboarding for developers to ensure effective AI integration.

3️⃣ Monitor and evaluate the impact of AI integration on development productivity and quality.

4️⃣ Explore the potential of AI in specific software development domains.

By following these recommendations, software development companies can harness the benefits of AI integration and improve their productivity, quality, and competitiveness. 💼

I hope you enjoyed this sample research paper, Muhammad! 😊 Let me know if you need any changes or if you'd like me to generate another one. 🤖","[]","[]","["research","medical","study"]","","","true","6","3",""2025-12-26T09:14:41.085Z"","","",""2025-12-26T08:15:04.478Z"",""2025-12-27T10:06:32.216Z"","{"exported_at":"2026-01-23T19:15:19.852Z","export_job_id":"export_1769195719341_vlvm4mfby","data_type":"research_papers","time_range":"30d"}"
"a6e25b41-6cf5-409c-a447-c7e3e496887a","55c535de-439a-4d02-9d18-3fbfbd31c600","Cardiovascular Disease Prevention Strategies","# Cardiovascular Disease Prevention Strategies

## Abstract
This research explores evidence-based strategies for preventing cardiovascular diseases in primary care settings.

## Introduction
Cardiovascular diseases (CVD) remain the leading cause of mortality worldwide...

## Methodology
We conducted a systematic review of randomized controlled trials...

## Results
Our analysis revealed significant improvements in patient outcomes...

## Conclusion
Implementing comprehensive prevention strategie...","# Cardiovascular Disease Prevention Strategies

## Abstract
This research explores evidence-based strategies for preventing cardiovascular diseases in primary care settings.

## Introduction
Cardiovascular diseases (CVD) remain the leading cause of mortality worldwide...

## Methodology
We conducted a systematic review of randomized controlled trials...

## Results
Our analysis revealed significant improvements in patient outcomes...

## Conclusion
Implementing comprehensive prevention strategies can reduce CVD incidence by 30%...","[]","[]","["research","medical","study"]","","","true","1","3",""2025-12-27T03:52:46.946Z"","","",""2025-12-27T03:52:45.878Z"",""2025-12-27T10:06:35.756Z"","{"exported_at":"2026-01-23T19:15:19.852Z","export_job_id":"export_1769195719341_vlvm4mfby","data_type":"research_papers","time_range":"30d"}"
"6b190aab-88ae-4491-aa0f-0b0755eabc13","07ee87ab-f435-43f1-8a3c-4dedbad6f2a8","sdfsf","

**Title:** An Exploratory Study on the Impact of Social Media on Mental Health Among Young Adults

**Abstract:**

The widespread use of social media among young adults has sparked concerns about its potential impact on mental health. This study aims to investigate the relationship between social media usage and mental health outcomes among young adults. A mixed-methods approach was employed, combining both quantitative and qualitative data collection and analysis methods. The results show that...","

**Title:** An Exploratory Study on the Impact of Social Media on Mental Health Among Young Adults

**Abstract:**

The widespread use of social media among young adults has sparked concerns about its potential impact on mental health. This study aims to investigate the relationship between social media usage and mental health outcomes among young adults. A mixed-methods approach was employed, combining both quantitative and qualitative data collection and analysis methods. The results show that excessive social media usage is significantly associated with increased symptoms of anxiety and depression, decreased self-esteem, and reduced sleep quality. The qualitative findings suggest that social media can also serve as a coping mechanism for stress and anxiety, highlighting the complex and multifaceted nature of the relationship between social media and mental health. The findings of this study have implications for the development of interventions aimed at mitigating the negative effects of social media on mental health.

**Methodology:**

This study employed a mixed-methods approach, combining both quantitative and qualitative data collection and analysis methods. A survey was administered to a sample of 1,000 young adults (ages 18-25) to collect quantitative data on social media usage and mental health outcomes. The survey consisted of 30 items, including questions on social media usage, anxiety and depression symptoms, self-esteem, sleep quality, and coping mechanisms. The survey was distributed online and collected over a period of 6 weeks.

In addition to the survey, a subgroup of 30 participants was selected for in-depth interviews to gather qualitative data on their experiences with social media and mental health. The interviews were conducted via phone or video call and lasted between 30-60 minutes. The interviews were transcribed and analyzed using thematic analysis.

**Findings:**

**Quantitative Findings:**

* The results show that excessive social media usage (defined as >2 hours/day) is significantly associated with increased symptoms of anxiety and depression (p < 0.01).
* There is a significant negative correlation between social media usage and self-esteem (r = -0.25, p < 0.01).
* The results also show that social media usage is significantly associated with reduced sleep quality (p < 0.05).

**Qualitative Findings:**

* The interviews revealed that social media can serve as a coping mechanism for stress and anxiety, with many participants reporting that they use social media to distract themselves from negative thoughts and emotions.
* However, many participants also reported feeling pressure to present a perfect online image, which can lead to feelings of inadequacy and low self-esteem.
* Some participants reported experiencing cyberbullying and online harassment, which can have serious negative impacts on mental health.

**Diagram 1:** Social Media Usage and Mental Health Outcomes

| Variable | Mean (SD) |
| --- | --- |
| Social Media Usage (hours/day) | 2.5 (1.2) |
| Anxiety Symptoms (scale 1-5) | 3.2 (1.1) |
| Depression Symptoms (scale 1-5) | 2.8 (1.0) |
| Self-Esteem (scale 1-5) | 3.5 (1.2) |
| Sleep Quality (scale 1-5) | 3.1 (1.0) |

**Diagram 2:** Social Media Usage and Coping Mechanisms

| Variable | Frequency (%) |
| --- | --- |
| Uses social media to distract from negative thoughts and emotions | 60% |
| Feels pressure to present a perfect online image | 40% |
| Has experienced cyberbullying and online harassment | 20% |

**Conclusion:**

This study provides evidence of the complex and multifeted relationship between social media usage and mental health outcomes among young adults. While excessive social media usage is associated with negative mental health outcomes, social media can also serve as a coping mechanism for stress and anxiety. The findings of this study have implications for the development of interventions aimed at mitigating the negative effects of social media on mental health. Future research should focus on developing evidence-based interventions that address the complex relationships between social media usage, mental health outcomes, and coping mechanisms.

**Recommendations:**

* Parents and caregivers should monitor and limit social media usage among young adults.
* Healthcare providers should assess social media usage as a potential risk factor for mental health problems.
* Social media companies should develop features that promote healthy social media usage and reduce the spread of misinformation.
* Mental health interventions should incorporate social media literacy and coping skills training.

**Future Research Directions:**

* Investigate the impact of social media on mental health outcomes in diverse populations (e.g., older adults, individuals with disabilities).
* Develop and evaluate evidence-based interventions aimed at mitigating the negative effects of social media on mental health.
* Investigate the role of social media in promoting positive mental health outcomes (e.g., social support, self-esteem).

:happy: We hope this mock research paper helps you in your research endeavors!

# sdfsf

## Abstract
Write your research abstract here...

## Introduction
Provide background information and research objectives...

## Methodology
Describe your research methods and approach...

## Results
Present your findings and data analysis...

## Discussion
Discuss the implications of your results...

## Conclusion
Summarize your key findings and recommendations...

## References
- Add your references here
- Use proper citation format","[]","[]","["research","medical","study"]","","","false","0","0",""2025-12-27T08:18:33.290Z"","","",""2025-12-27T08:16:31.474Z"",""2025-12-27T08:18:33.896Z"","{"exported_at":"2026-01-23T19:15:19.852Z","export_job_id":"export_1769195719341_vlvm4mfby","data_type":"research_papers","time_range":"30d"}"
"001a9fb6-da1b-486d-9d75-7613b20c6a09","07ee87ab-f435-43f1-8a3c-4dedbad6f2a8","Telemedicine Implementation in Rural Areas","# Telemedicine Implementation in Rural Areas

## Abstract
This study examines the effectiveness of telemedicine solutions in rural healthcare settings.

## Background
Rural areas face significant healthcare access challenges...

## Methods
We implemented a telemedicine program across 15 rural clinics...

## Findings
Patient satisfaction increased by 45% and wait times decreased by 60%...

## Discussion
Telemedicine shows promising results for rural healthcare delivery......","# Telemedicine Implementation in Rural Areas

## Abstract
This study examines the effectiveness of telemedicine solutions in rural healthcare settings.

## Background
Rural areas face significant healthcare access challenges...

## Methods
We implemented a telemedicine program across 15 rural clinics...

## Findings
Patient satisfaction increased by 45% and wait times decreased by 60%...

## Discussion
Telemedicine shows promising results for rural healthcare delivery...","[]","[]","["research","medical","study"]","","","false","0","0",""2025-12-27T08:18:38.379Z"","","",""2025-12-27T08:18:38.380Z"",""2025-12-27T08:18:39.871Z"","{"exported_at":"2026-01-23T19:15:19.852Z","export_job_id":"export_1769195719341_vlvm4mfby","data_type":"research_papers","time_range":"30d"}"
"5bb7ecff-ed9b-4524-a1f4-002d5b1011ff","07ee87ab-f435-43f1-8a3c-4dedbad6f2a8","Testing Research paper","

**Conducting Comprehensive Research: A Step-by-Step Guide**

**Step 1: Pre-Research Preparation (Timeframe: 1-2 weeks)**

1. **Define Research Topic**: Identify a broad research topic and narrow it down to a specific question or hypothesis.
2. **Literature Review**: Conduct a preliminary literature review to gain a deeper understanding of the topic, identify gaps, and develop a research question.
3. **Develop Research Objectives**: Clearly define the research objectives, including the research...","

**Conducting Comprehensive Research: A Step-by-Step Guide**

**Step 1: Pre-Research Preparation (Timeframe: 1-2 weeks)**

1. **Define Research Topic**: Identify a broad research topic and narrow it down to a specific question or hypothesis.
2. **Literature Review**: Conduct a preliminary literature review to gain a deeper understanding of the topic, identify gaps, and develop a research question.
3. **Develop Research Objectives**: Clearly define the research objectives, including the research question, scope, and methodology.
4. **Draft a Research Proposal**: Create a detailed proposal outlining the research design, methodology, expected outcomes, and timeline.

**Step 2: Conducting Literature Review (Timeframe: 2-4 weeks)**

1. **Systematic Literature Search**: Conduct a comprehensive search of peer-reviewed articles, academic journals, and other relevant sources using databases such as Google Scholar, PubMed, and Web of Science.
2. **Evaluate Source Quality**: Assess the quality and relevance of the sources, using tools such as the CRAAP test (Currency, Relevance, Authority, Accuracy, Purpose).
3. **Synthesize Findings**: Organize and synthesize the literature into a coherent narrative, identifying key themes, patterns, and gaps in the literature.
4. **Develop a Conceptual Framework**: Create a conceptual framework outlining the research question, variables, and relationships.

**Step 3: Designing and Implementing the Study (Timeframe: 4-6 weeks)**

1. **Choose a Research Design**: Select an appropriate research design, such as quantitative, qualitative, or mixed-methods, based on the research question and objectives.
2. **Develop a Sampling Strategy**: Identify and select a suitable sample population, using techniques such as random sampling, stratified sampling, or convenience sampling.
3. **Collect and Analyze Data**: Collect data using methods such as surveys, interviews, or experiments, and analyze the data using statistical software or qualitative analysis tools.
4. **Ensure Data Quality**: Validate and ensure the quality of the data, using techniques such as data cleaning, data transformation, and data visualization.

**Step 4: Analyzing and Interpreting Results (Timeframe: 2-4 weeks)**

1. **Analyze Quantitative Data**: Use statistical software to analyze quantitative data, including descriptive statistics, inferential statistics, and regression analysis.
2. **Analyze Qualitative Data**: Use qualitative analysis tools to analyze qualitative data, including coding, theme identification, and narrative analysis.
3. **Interpret Results**: Interpret the results in the context of the research question and objectives, identifying key findings, implications, and limitations.
4. **Draw Conclusions**: Draw conclusions based on the results, identifying areas for future research and potential applications of the findings.

**Step 5: Writing and Disseminating the Research (Timeframe: 2-4 weeks)**

1. **Write the Research Report**: Compile the research findings into a clear and concise report, using a standard format such as the IMRAD (Introduction, Methods, Results, and Discussion) structure.
2. **Prepare Visual Aids**: Create visual aids such as figures, tables, and graphs to illustrate key findings and results.
3. **Disseminate the Research**: Share the research findings with relevant stakeholders, including academic communities, policymakers, or industry professionals, through presentations, publications, or social media.

**Timeline and Milestones**

* Pre-research preparation: 1-2 weeks
* Literature review: 2-4 weeks
* Designing and implementing the study: 4-6 weeks
* Analyzing and interpreting results: 2-4 weeks
* Writing and disseminating the research: 2-4 weeks
* Total timeframe: 12-20 weeks (3-5 months)

**Deliverables**

* Research proposal
* Literature review
* Research report
* Visual aids (figures, tables, graphs)
* Presentations
* Publications or social media posts

**Assessment and Evaluation**

* Peer review and feedback
* Self-assessment and reflection
* Stakeholder feedback and evaluation
* Impact and outcomes evaluation

By following these steps and, researchers can conduct comprehensive and well-structured research that meets academic standards and contributes to the body of knowledge in their field.

# Testing Research paper

## Abstract
Write your research abstract here...

## Introduction
Provide background information and research objectives...

## Methodology
Describe your research methods and approach...

## Results
Present your findings and data analysis...

## Discussion
Discuss the implications of your results...

## Conclusion
Summarize your key findings and recommendations...

## References
- Add your references here
- Use proper citation format","[]","[]","["research","medical","study"]","","","false","0","0",""2025-12-27T08:24:57.256Z"","","",""2025-12-27T08:18:57.769Z"",""2025-12-27T08:24:57.929Z"","{"exported_at":"2026-01-23T19:15:19.852Z","export_job_id":"export_1769195719341_vlvm4mfby","data_type":"research_papers","time_range":"30d"}"
"33b8e940-4e27-4003-9602-71b161dfead9","07ee87ab-f435-43f1-8a3c-4dedbad6f2a8","Testing reseaceh papers","# Testing reseaceh papers

## Abstract
Write your research abstract here...

## Introduction
Provide background information and research objectives...

## Methodology
Describe your research methods and approach...

## Results
Present your findings and data analysis...

## Discussion
Discuss the implications of your results...

## Conclusion
Summarize your key findings and recommendations...

## References
- Add your references here
- Use proper citation format...","# Testing reseaceh papers

## Abstract
Write your research abstract here...

## Introduction
Provide background information and research objectives...

## Methodology
Describe your research methods and approach...

## Results
Present your findings and data analysis...

## Discussion
Discuss the implications of your results...

## Conclusion
Summarize your key findings and recommendations...

## References
- Add your references here
- Use proper citation format","[]","[]","["research","medical","study"]","","","false","0","0",""2025-12-27T08:25:06.721Z"","","",""2025-12-27T08:25:06.722Z"",""2025-12-27T08:25:07.746Z"","{"exported_at":"2026-01-23T19:15:19.852Z","export_job_id":"export_1769195719341_vlvm4mfby","data_type":"research_papers","time_range":"30d"}"
"23d7c084-6b57-4aae-a006-6ef1924cbab7","55c535de-439a-4d02-9d18-3fbfbd31c600","Telemedicine Implementation in Rural Areas","

The current date is July 26, 2024.

**Research Topic:** The Use of Fillers in Speech: A Comprehensive Review

**Abstract:**

Fillers are verbal expressions that speakers use to maintain turn-taking, signal hesitation, or convey uncertainty in conversation. This review aims to provide an in-depth examination of filler research, exploring their linguistic, cognitive, and social functions. We will analyze the various types of fillers, their frequency and distribution in different languages, and t...","

The current date is July 26, 2024.

**Research Topic:** The Use of Fillers in Speech: A Comprehensive Review

**Abstract:**

Fillers are verbal expressions that speakers use to maintain turn-taking, signal hesitation, or convey uncertainty in conversation. This review aims to provide an in-depth examination of filler research, exploring their linguistic, cognitive, and social functions. We will analyze the various types of fillers, their frequency and distribution in different languages, and their role in communication. Additionally, we will discuss the relationship between fillers and other speech phenomena, such as stuttering, pause, and repair. Our study will also investigate the cognitive and social implications of filler use, including their impact on listener perception, speaker reputation, and social dynamics.

**Methodology:**

This review employed a mixed-methods approach, combining both quantitative and qualitative data from existing research studies. We conducted an extensive literature review of academic articles, books, and conference proceedings on filler research, covering a range of languages, including English, Spanish, French, German, and Japanese. Our analysis focused on the following aspects:

1. **Linguistic analysis:** We examined the phonological, morphological, and syntactic properties of fillers in different languages, exploring their frequency, distribution, and co-occurrence with other speech phenomena.
2. **Cognitive analysis:** We investigated the cognitive processes involved in filler production, including hesitation, planning, and decision-making, using techniques such as think-aloud protocols, eye-tracking, and EEG.
3. **Social analysis:** We analyzed the social implications of filler use, including listener perception, speaker reputation, and social dynamics, using methods such as surveys, interviews, and behavioral experiments.
4. **Cross-cultural comparison:** We compared filler use across different languages and cultures, exploring differences in frequency, distribution, and function.

**Findings:**

Our review revealed the following key findings:

1. **Filler types:** We identified four primary types of fillers: (1) discourse markers (e.g., ""um,"" ""ah""), (2) hesitation markers (e.g., ""well,"" ""you""), (3) pause fillers (e.g., ""pause,"" ""silence""), and (4) repair fillers (e.g., ""no,"" ""wait"").
2. **Linguistic properties:** Fillers exhibit distinct linguistic properties, including phonological, morphological, and syntactic characteristics. For example, fillers in English often involve vowel sounds, while those in Japanese involve grammatical particles.
3. **Cognitive processes:** Filler production is to cognitive processes such as hesitation, planning, and decision-making. Think-aloud protocols and EEG data suggest that fillers can be a reflection of speakers' internal mental states.
4. **Social implications:** Fillers have significant social implications, influencing listener perception, speaker reputation, and social dynamics. Surveys and behavioral experiments revealed that listeners perceive speakers who use fillers as more hesitant or uncertain.
5. **Cross-cultural differences:** Fillers exhibit significant cross-cultural differences in frequency, distribution, and function. For example, fillers in Japanese culture tend to be more explicit and grammatically marked, while those in English culture are often more implicit and prosodically marked.

**Conclusions:**

This review highlights the complex and multifaceted nature of filler research, demonstrating the need for a comprehensive and interdisciplinary approach. Our findings emphasize the importance of considering linguistic, cognitive, and social factors when examining filler use. We propose the following recommendations for future research:

1. **More nuanced linguistic analysis:** Further research should focus on the phonological, morphological, and syntactic properties of fillers, exploring their frequency, distribution, and co-occurrence with other speech phenomena.
2. **Cognitive and social implications:** Future studies should investigate the cognitive processes involved in filler production and their social implications, including listener perception, speaker reputation, and social dynamics.
3. **Cross-cultural comparison:** A more extensive comparison of filler use across different languages and cultures is necessary to understand the universal and culturally specific aspects of filler research.

By exploring the complex nature of fillers, this review contributes to a deeper understanding of the intricacies of human communication, highlighting the importance of considering linguistic, cognitive, and social factors in the study of speech.

# Telemedicine Implementation in Rural Areas

## Abstract
This study examines the effectiveness of telemedicine solutions in rural healthcare settings.

## Background
Rural areas face significant healthcare access challenges...

## Methods
We implemented a telemedicine program across 15 rural clinics...

## Findings
Patient satisfaction increased by 45% and wait times decreased by 60%...

## Discussion
Telemedicine shows promising results for rural healthcare delivery...","[]","[]","["research","medical","study"]","","","true","2","3",""2025-12-27T09:04:04.948Z"","","",""2025-12-27T09:04:04.237Z"",""2025-12-28T03:43:49.089Z"","{"exported_at":"2026-01-23T19:15:19.852Z","export_job_id":"export_1769195719341_vlvm4mfby","data_type":"research_papers","time_range":"30d"}"
"5983f6bc-6ac3-4496-a165-c5679149ffd8","55c535de-439a-4d02-9d18-3fbfbd31c600","checking ","# checking

## Abstract
Write your research abstract here...

## Introduction
Provide background information and research objectives...

## Methodology
Describe your research methods and approach...

## Results
Present your findings and data analysis...

## Discussion
Discuss the implications of your results...

## Conclusion
Summarize your key findings and recommendations...

## References
- Add your references here
- Use proper citation format...","# checking

## Abstract
Write your research abstract here...

## Introduction
Provide background information and research objectives...

## Methodology
Describe your research methods and approach...

## Results
Present your findings and data analysis...

## Discussion
Discuss the implications of your results...

## Conclusion
Summarize your key findings and recommendations...

## References
- Add your references here
- Use proper citation format","[]","[]","["research","medical","study"]","","","false","0","0",""2025-12-27T09:04:21.537Z"","","",""2025-12-27T09:04:21.537Z"",""2025-12-27T09:04:22.567Z"","{"exported_at":"2026-01-23T19:15:19.852Z","export_job_id":"export_1769195719341_vlvm4mfby","data_type":"research_papers","time_range":"30d"}"
"0ef67bdf-43cf-4550-af3a-f9010e6a5a7c","b2fee914-a38c-40c4-a27d-f5a2bc415e99","Telemedicine Implementation in Rural Areas","# Telemedicine Implementation in Rural Areas

## Abstract
This study examines the effectiveness of telemedicine solutions in rural healthcare settings.

## Background
Rural areas face significant healthcare access challenges...

## Methods
We implemented a telemedicine program across 15 rural clinics...

## Findings
Patient satisfaction increased by 45% and wait times decreased by 60%...

## Discussion
Telemedicine shows promising results for rural healthcare delivery......","# Telemedicine Implementation in Rural Areas

## Abstract
This study examines the effectiveness of telemedicine solutions in rural healthcare settings.

## Background
Rural areas face significant healthcare access challenges...

## Methods
We implemented a telemedicine program across 15 rural clinics...

## Findings
Patient satisfaction increased by 45% and wait times decreased by 60%...

## Discussion
Telemedicine shows promising results for rural healthcare delivery...","[]","[]","["research","medical","study"]","","","false","0","0",""2025-12-27T09:09:41.862Z"","","",""2025-12-27T09:09:41.864Z"",""2025-12-27T09:09:42.438Z"","{"exported_at":"2026-01-23T19:15:19.852Z","export_job_id":"export_1769195719341_vlvm4mfby","data_type":"research_papers","time_range":"30d"}"
"9de5bce7-85b7-4829-950a-158dc25b3a90","23239f79-7f2c-459a-9bb2-8bc389b21e99","Telemedicine Implementation in Rural Areas","# Telemedicine Implementation in Rural Areas

## Abstract
This study examines the effectiveness of telemedicine solutions in rural healthcare settings.

## Background
Rural areas face significant healthcare access challenges...

## Methods
We implemented a telemedicine program across 15 rural clinics...

## Findings
Patient satisfaction increased by 45% and wait times decreased by 60%...

## Discussion
Telemedicine shows promising results for rural healthcare delivery......","# Telemedicine Implementation in Rural Areas

## Abstract
This study examines the effectiveness of telemedicine solutions in rural healthcare settings.

## Background
Rural areas face significant healthcare access challenges...

## Methods
We implemented a telemedicine program across 15 rural clinics...

## Findings
Patient satisfaction increased by 45% and wait times decreased by 60%...

## Discussion
Telemedicine shows promising results for rural healthcare delivery...","[]","[]","["research","medical","study"]","","","false","0","0","","","",""2026-01-20T19:40:23.608Z"",""2026-01-20T19:40:23.608Z"","{"exported_at":"2026-01-23T19:15:19.852Z","export_job_id":"export_1769195719341_vlvm4mfby","data_type":"research_papers","time_range":"30d"}"
"4efa4fc7-0c50-49b0-b83b-41b4ee043b91","23239f79-7f2c-459a-9bb2-8bc389b21e99","Telemedicine Implementation in Rural Areas","# Telemedicine Implementation in Rural Areas

## Abstract
This study examines the effectiveness of telemedicine solutions in rural healthcare settings.

## Background
Rural areas face significant healthcare access challenges...

## Methods
We implemented a telemedicine program across 15 rural clinics...

## Findings
Patient satisfaction increased by 45% and wait times decreased by 60%...

## Discussion
Telemedicine shows promising results for rural healthcare delivery......","# Telemedicine Implementation in Rural Areas

## Abstract
This study examines the effectiveness of telemedicine solutions in rural healthcare settings.

## Background
Rural areas face significant healthcare access challenges...

## Methods
We implemented a telemedicine program across 15 rural clinics...

## Findings
Patient satisfaction increased by 45% and wait times decreased by 60%...

## Discussion
Telemedicine shows promising results for rural healthcare delivery...","[]","[]","["research","medical","study"]","","","true","0","0",""2026-01-20T19:40:23.832Z"","","",""2026-01-20T19:40:23.837Z"",""2026-01-20T19:40:23.837Z"","{"exported_at":"2026-01-23T19:15:19.852Z","export_job_id":"export_1769195719341_vlvm4mfby","data_type":"research_papers","time_range":"30d"}"
"c24d8729-7038-4935-8352-041d88c1581b","23239f79-7f2c-459a-9bb2-8bc389b21e99","Telemedicine Implementation in Rural Areas","

**Title:** Exploring the Impact of Social Media on Mental Health Among Young Adults: A Mixed-Methods Approach ðŸ¤”

**Abstract:**
ðŸ’­ The widespread use of social media among young adults has raised concerns about its impact on mental health. While previous studies have investigated this relationship, the findings are often contradictory and inconclusive. This study aims to investigate the impact of social media on mental health among young adults using a mixed-methods approach, combining bot...","

**Title:** Exploring the Impact of Social Media on Mental Health Among Young Adults: A Mixed-Methods Approach ðŸ¤”

**Abstract:**
ðŸ’­ The widespread use of social media among young adults has raised concerns about its impact on mental health. While previous studies have investigated this relationship, the findings are often contradictory and inconclusive. This study aims to investigate the impact of social media on mental health among young adults using a mixed-methods approach, combining both qualitative and quantitative data. Our results suggest that excessive social media use is associated with increased symptoms of depression, anxiety, and loneliness. However, we also found that social media can have positive effects on mental health, such as increased social support and self-esteem. ðŸ¤”

**Introduction:**
ðŸ’­ Social media has become an integral part of modern life, with millions of young adults using platforms like Facebook, Instagram, and Twitter. While social media offers numerous benefits, such as connecting with others and accessing information, it also has several drawbacks, including the potential to negatively impact mental health. ðŸ˜”

**Methodology:**
ðŸ’¡ This study used a mixed-methods approach, combining both qualitative and quantitative data. We recruited a sample of 100 young adults (ages 18-25) who used social media regularly. Participants completed a survey assessing their social media use, mental health symptoms, and self-esteem. We also conducted in-depth interviews with a subsample of 20 participants to gather more detailed information about their social media use and mental health experiences.

**Quantitative Data:**
ðŸ’¼ Our results showed that excessive social media use (defined as more than 2 hours per day) was associated with increased symptoms of depression (r = 0.32, p < 0.01), anxiety (r = 0.35, p < 0.01), and loneliness (r = 0.28, p < 0.05). However, we also found a positive correlation between social media use and self-esteem (r = 0.25, p < 0.05).

**Qualitative Data:**
ðŸ’¡ The in-depth interviews revealed several themes related to social media use and mental health. Participants reported feeling pressure to present a perfect online image, which led to feelings of inadequacy and low self-esteem. Others mentioned that social media helped them connect with others and feel less lonely. One participant stated, ""Social media has helped me feel more connected to my friends and family, even when we're not physically together."" ðŸ’•

**Discussion:**
ðŸ’­ Our study suggests that social media has a complex impact on mental health among young adults. While excessive social media use can lead to increased symptoms of depression, anxiety, and loneliness, it can also have positive effects on mental health, such as increased social support and self-esteem. These findings highlight the need for a more nuanced understanding of the relationship between social media and mental health.

**Conclusion:**
ðŸ’­ In conclusion, this study provides new insights into the impact of social media on mental health among young adults. Our results suggest that social media use can have both positive and negative effects on mental health, depending on the context and individual differences. We recommend that young adults be aware of the potential risks and benefits of social media use and take steps to maintain a healthy balance between online and offline activities. ðŸ’ª

**Limitations:**
ðŸ’¡ This study has several limitations, including the use of a convenience sample and the reliance on self-reported data. Future studies should aim to recruit a more diverse sample and use objective measures of social media use and mental health symptoms.

**Future Directions:**
ðŸ’¡ Future research should investigate the mechanisms underlying the relationship between social media use and mental health, as well as the potential benefits and drawbacks of social media use for different populations. Additionally, studies should aim to develop effective interventions to promote healthy social media use and mitigate the negative effects of excessive social media use on mental health. ðŸ’¡

# Telemedicine Implementation in Rural Areas

## Abstract
This study examines the effectiveness of telemedicine solutions in rural healthcare settings.

## Background
Rural areas face significant healthcare access challenges...

## Methods
We implemented a telemedicine program across 15 rural clinics...

## Findings
Patient satisfaction increased by 45% and wait times decreased by 60%...

## Discussion
Telemedicine shows promising results for rural healthcare delivery...","[]","[]","["research","medical","study"]","","","false","0","0","","","",""2026-01-20T19:49:28.777Z"",""2026-01-20T19:49:28.777Z"","{"exported_at":"2026-01-23T19:15:19.852Z","export_job_id":"export_1769195719341_vlvm4mfby","data_type":"research_papers","time_range":"30d"}"
